2024-10-19T07:57:34Z,52.119192,-106.656605
2024-10-19T07:57:36Z,52.119145,-106.65657
2024-10-19T07:57:37Z,52.11905,-106.656537
2024-10-19T07:57:38Z,52.118988,-106.656522
2024-10-19T07:57:39Z,52.119097,-106.656533
2024-10-19T07:57:40Z,52.119147,-106.656555
2024-10-19T07:57:42Z,52.119117,-106.656497
2024-10-19T07:57:43Z,52.119145,-106.656493
2024-10-19T07:57:44Z,52.119285,-106.656508
2024-10-19T07:57:45Z,52.119367,-106.656535
2024-10-19T07:57:46Z,52.11924,-106.656505
2024-10-19T07:57:48Z,52.119267,-106.65655
2024-10-19T07:57:49Z,52.11936,-106.656588
2024-10-19T07:57:50Z,52.119347,-106.656577
2024-10-19T07:57:51Z,52.119363,-106.656598
2024-10-19T07:57:53Z,52.119383,-106.656563
2024-10-19T07:57:53Z,52.119383,-106.656563
2024-10-19T07:57:55Z,52.119418,-106.656585
2024-10-19T07:57:56Z,52.119413,-106.656602
2024-10-19T07:57:58Z,52.119468,-106.6566
2024-10-19T07:57:58Z,52.119468,-106.6566
2024-10-19T07:58:00Z,52.119437,-106.656513
2024-10-19T07:58:01Z,52.119428,-106.656538
2024-10-19T07:58:03Z,52.119467,-106.656535
2024-10-19T07:58:03Z,52.119467,-106.656535
2024-10-19T07:58:05Z,52.119495,-106.656537
2024-10-19T07:58:06Z,52.119505,-106.656537
2024-10-19T07:58:07Z,52.119518,-106.656537
2024-10-19T07:58:09Z,52.119543,-106.656543
2024-10-19T07:58:10Z,52.119557,-106.656545
2024-10-19T07:58:11Z,52.119567,-106.656542
2024-10-19T07:58:12Z,52.119582,-106.656537
2024-10-19T07:58:14Z,52.119602,-106.656522
2024-10-19T07:58:15Z,52.119608,-106.65651
2024-10-19T07:58:17Z,52.119618,-106.65648
2024-10-19T07:58:18Z,52.119618,-106.656463
2024-10-19T07:58:19Z,52.119618,-106.656447
2024-10-19T07:58:20Z,52.119617,-106.656433
2024-10-19T07:58:22Z,52.11961,-106.656398
2024-10-19T07:58:23Z,52.11961,-106.656383
2024-10-19T07:58:24Z,52.11961,-106.656367
2024-10-19T07:58:26Z,52.119623,-106.656332
2024-10-19T07:58:27Z,52.119627,-106.656313
2024-10-19T07:58:28Z,52.119635,-106.6563
2024-10-19T07:58:30Z,52.119648,-106.656263
2024-10-19T07:58:31Z,52.119667,-106.65625
2024-10-19T07:58:32Z,52.119677,-106.65623
2024-10-19T07:58:34Z,52.119687,-106.656193
2024-10-19T07:58:35Z,52.119692,-106.656177
2024-10-19T07:58:36Z,52.1197,-106.65616
2024-10-19T07:58:38Z,52.119702,-106.656118
2024-10-19T07:58:40Z,52.119707,-106.65607
2024-10-19T07:58:41Z,52.11971,-106.65605
2024-10-19T07:58:42Z,52.119712,-106.656028
2024-10-19T07:58:43Z,52.119717,-106.656008
2024-10-19T07:58:45Z,52.119723,-106.65597
2024-10-19T07:58:46Z,52.119723,-106.655948
2024-10-19T07:58:48Z,52.119725,-106.655917
2024-10-19T07:58:49Z,52.119727,-106.655903
2024-10-19T07:58:50Z,52.119728,-106.655888
2024-10-19T07:58:52Z,52.119733,-106.655858
2024-10-19T07:58:53Z,52.119732,-106.655845
2024-10-19T07:58:55Z,52.119725,-106.65581
2024-10-19T07:58:56Z,52.119725,-106.655792
2024-10-19T07:58:57Z,52.119723,-106.655768
2024-10-19T07:58:59Z,52.119727,-106.655737
2024-10-19T07:59:00Z,52.119722,-106.655712
2024-10-19T07:59:02Z,52.119725,-106.65567
2024-10-19T07:59:03Z,52.119725,-106.655647
2024-10-19T07:59:05Z,52.119722,-106.655602
2024-10-19T07:59:06Z,52.119722,-106.65558
2024-10-19T07:59:07Z,52.11972,-106.655557
2024-10-19T07:59:09Z,52.11972,-106.655508
2024-10-19T07:59:10Z,52.119727,-106.65549
2024-10-19T07:59:12Z,52.119732,-106.655453
2024-10-19T07:59:13Z,52.119735,-106.655438
2024-10-19T07:59:15Z,52.119737,-106.655393
2024-10-19T07:59:16Z,52.119737,-106.655372
2024-10-19T07:59:18Z,52.119742,-106.655325
2024-10-19T07:59:20Z,52.119738,-106.65528
2024-10-19T07:59:21Z,52.119738,-106.655258
2024-10-19T07:59:23Z,52.119735,-106.655222
2024-10-19T07:59:23Z,52.119735,-106.655222
2024-10-19T07:59:26Z,52.119728,-106.65516
2024-10-19T07:59:27Z,52.119727,-106.655137
2024-10-19T07:59:28Z,52.119723,-106.655115
2024-10-19T07:59:30Z,52.119718,-106.655072
2024-10-19T07:59:32Z,52.11972,-106.655032
2024-10-19T07:59:33Z,52.11972,-106.655012
2024-10-19T07:59:34Z,52.11972,-106.654995
2024-10-19T07:59:36Z,52.119722,-106.65495
2024-10-19T07:59:37Z,52.119722,-106.654927
2024-10-19T07:59:39Z,52.119722,-106.654882
2024-10-19T07:59:40Z,52.119722,-106.654863
2024-10-19T07:59:42Z,52.11972,-106.654827
2024-10-19T07:59:43Z,52.11972,-106.654805
2024-10-19T07:59:45Z,52.119722,-106.654762
2024-10-19T07:59:46Z,52.119718,-106.654742
2024-10-19T07:59:48Z,52.119717,-106.654705
2024-10-19T07:59:50Z,52.119718,-106.654662
2024-10-19T07:59:51Z,52.119718,-106.654642
2024-10-19T07:59:53Z,52.119722,-106.654602
2024-10-19T07:59:54Z,52.11972,-106.654582
2024-10-19T07:59:56Z,52.119717,-106.65454
2024-10-19T07:59:57Z,52.119717,-106.654518
2024-10-19T08:00:00Z,52.119712,-106.654463
2024-10-19T08:00:01Z,52.11971,-106.654443
2024-10-19T08:00:02Z,52.11971,-106.654423
2024-10-19T08:00:04Z,52.119707,-106.65438
2024-10-19T08:00:05Z,52.119707,-106.654363
2024-10-19T08:00:08Z,52.119703,-106.654305
2024-10-19T08:00:09Z,52.119702,-106.654288
2024-10-19T08:00:10Z,52.1197,-106.654273
2024-10-19T08:00:12Z,52.119702,-106.654238
2024-10-19T08:00:13Z,52.119703,-106.654218
2024-10-19T08:00:16Z,52.119703,-106.654147
2024-10-19T08:00:17Z,52.119705,-106.654122
2024-10-19T08:00:18Z,52.119707,-106.654098
2024-10-19T08:00:21Z,52.11971,-106.654035
2024-10-19T08:00:22Z,52.11971,-106.654017
2024-10-19T08:00:23Z,52.119708,-106.653995
2024-10-19T08:00:25Z,52.119707,-106.65395
2024-10-19T08:00:27Z,52.119708,-106.65391
2024-10-19T08:00:28Z,52.119708,-106.653888
2024-10-19T08:00:30Z,52.119703,-106.65385
2024-10-19T08:00:31Z,52.119702,-106.653833
2024-10-19T08:00:33Z,52.119698,-106.653792
2024-10-19T08:00:35Z,52.1197,-106.653745
2024-10-19T08:00:36Z,52.1197,-106.653723
2024-10-19T08:00:38Z,52.119702,-106.653682
2024-10-19T08:00:40Z,52.1197,-106.653642
2024-10-19T08:00:41Z,52.1197,-106.65362
2024-10-19T08:00:43Z,52.119698,-106.653582
2024-10-19T08:00:45Z,52.119697,-106.65354
2024-10-19T08:00:47Z,52.119697,-106.653497
2024-10-19T08:00:48Z,52.119697,-106.653477
2024-10-19T08:00:51Z,52.119698,-106.65341
2024-10-19T08:00:52Z,52.1197,-106.65339
2024-10-19T08:00:53Z,52.1197,-106.65337
2024-10-19T08:00:55Z,52.119702,-106.653327
2024-10-19T08:00:57Z,52.119703,-106.653283
2024-10-19T08:00:59Z,52.119703,-106.65324
2024-10-19T08:01:00Z,52.119703,-106.65322
2024-10-19T08:01:02Z,52.119707,-106.653183
2024-10-19T08:01:04Z,52.119707,-106.653147
2024-10-19T08:01:05Z,52.119708,-106.653125
2024-10-19T08:01:07Z,52.119708,-106.65309
2024-10-19T08:01:10Z,52.119712,-106.653028
2024-10-19T08:01:11Z,52.119712,-106.653008
2024-10-19T08:01:12Z,52.11971,-106.65299
2024-10-19T08:01:14Z,52.119707,-106.652952
2024-10-19T08:01:16Z,52.119705,-106.652907
2024-10-19T08:01:18Z,52.119703,-106.652875
2024-10-19T08:01:19Z,52.119703,-106.652872
2024-10-19T08:01:21Z,52.119702,-106.65288
2024-10-19T08:01:23Z,52.119702,-106.652882
2024-10-19T08:01:26Z,52.1197,-106.652882
2024-10-19T08:01:27Z,52.1197,-106.652882
2024-10-19T08:01:28Z,52.1197,-106.652882
2024-10-19T08:01:30Z,52.1197,-106.652883
2024-10-19T08:01:32Z,52.1197,-106.652887
2024-10-19T08:01:34Z,52.1197,-106.65289
2024-10-19T08:01:36Z,52.119698,-106.65289
2024-10-19T08:01:37Z,52.119697,-106.652892
2024-10-19T08:01:39Z,52.119698,-106.65289
2024-10-19T08:01:41Z,52.1197,-106.652893
2024-10-19T08:01:43Z,52.1197,-106.652895
2024-10-19T08:01:45Z,52.1197,-106.652893
2024-10-19T08:01:46Z,52.1197,-106.652893
2024-10-19T08:01:48Z,52.119698,-106.652893
2024-10-19T08:01:50Z,52.119698,-106.652892
2024-10-19T08:01:52Z,52.119698,-106.652893
2024-10-19T08:01:54Z,52.119697,-106.652895
2024-10-19T08:01:56Z,52.119697,-106.652895
2024-10-19T08:01:57Z,52.119697,-106.652895
2024-10-19T08:01:59Z,52.119695,-106.652895
2024-10-19T08:02:01Z,52.119693,-106.652895
2024-10-19T08:02:03Z,52.119693,-106.652895
2024-10-19T08:02:05Z,52.119695,-106.652895
2024-10-19T08:02:08Z,52.119693,-106.652893
2024-10-19T08:02:08Z,52.119693,-106.652893
2024-10-19T08:02:11Z,52.119693,-106.652892
2024-10-19T08:02:12Z,52.119693,-106.652892
2024-10-19T08:02:14Z,52.119693,-106.65289
2024-10-19T08:02:16Z,52.119695,-106.65289
2024-10-19T08:02:18Z,52.119697,-106.652888
2024-10-19T08:02:20Z,52.119697,-106.65289
2024-10-19T08:02:22Z,52.119695,-106.65289
2024-10-19T08:02:24Z,52.119695,-106.65289
2024-10-19T08:02:27Z,52.119697,-106.652888
2024-10-19T08:02:28Z,52.119697,-106.652888
2024-10-19T08:02:29Z,52.119697,-106.65289
2024-10-19T08:02:31Z,52.119697,-106.65289
2024-10-19T08:02:33Z,52.119698,-106.65289
2024-10-19T08:02:35Z,52.119698,-106.652888
2024-10-19T08:02:37Z,52.1197,-106.65289
2024-10-19T08:02:39Z,52.1197,-106.652893
2024-10-19T08:02:41Z,52.119702,-106.652892
2024-10-19T08:02:43Z,52.119702,-106.652892
2024-10-19T08:02:45Z,52.119702,-106.652892
2024-10-19T08:02:47Z,52.119702,-106.652892
2024-10-19T08:02:49Z,52.119702,-106.65289
2024-10-19T08:02:51Z,52.119702,-106.65289
2024-10-19T08:02:53Z,52.119702,-106.65289
2024-10-19T08:02:55Z,52.119702,-106.65289
2024-10-19T08:02:58Z,52.119703,-106.652893
2024-10-19T08:02:58Z,52.119703,-106.652893
2024-10-19T08:03:01Z,52.119702,-106.652893
2024-10-19T08:03:03Z,52.1197,-106.652892
2024-10-19T08:03:06Z,52.119695,-106.652888
2024-10-19T08:03:07Z,52.119695,-106.652888
2024-10-19T08:03:07Z,52.119695,-106.652888
2024-10-19T08:03:11Z,52.119692,-106.652885
2024-10-19T08:03:13Z,52.119692,-106.652887
2024-10-19T08:03:15Z,52.119693,-106.652888
2024-10-19T08:03:17Z,52.119693,-106.652892
2024-10-19T08:03:18Z,52.119695,-106.652893
2024-10-19T08:03:21Z,52.119693,-106.652895
2024-10-19T08:03:23Z,52.119695,-106.652895
2024-10-19T08:03:25Z,52.119695,-106.652892
2024-10-19T08:03:27Z,52.119695,-106.652892
2024-10-19T08:03:29Z,52.119697,-106.652892
2024-10-19T08:03:31Z,52.119697,-106.652893
2024-10-19T08:03:33Z,52.119697,-106.652893
2024-10-19T08:03:35Z,52.119697,-106.652893
2024-10-19T08:03:37Z,52.119697,-106.652893
2024-10-19T08:03:39Z,52.119697,-106.652892
2024-10-19T08:03:41Z,52.119697,-106.652892
2024-10-19T08:03:43Z,52.119697,-106.652892
2024-10-19T08:03:45Z,52.119695,-106.652892
2024-10-19T08:03:47Z,52.119695,-106.652892
2024-10-19T08:03:49Z,52.119695,-106.652892
2024-10-19T08:03:51Z,52.119695,-106.652892
2024-10-19T08:03:53Z,52.119695,-106.65289
2024-10-19T08:03:57Z,52.119693,-106.652893
2024-10-19T08:03:58Z,52.119693,-106.652893
2024-10-19T08:04:00Z,52.119693,-106.652893
2024-10-19T08:04:02Z,52.119692,-106.652892
2024-10-19T08:04:04Z,52.119692,-106.652888
2024-10-19T08:04:06Z,52.119692,-106.652887
2024-10-19T08:04:08Z,52.11969,-106.652888
2024-10-19T08:04:10Z,52.119687,-106.652887
2024-10-19T08:04:12Z,52.119687,-106.652885
2024-10-19T08:04:14Z,52.119687,-106.652887
2024-10-19T08:04:17Z,52.119685,-106.65289
2024-10-19T08:04:20Z,52.119687,-106.65289
2024-10-19T08:04:21Z,52.119687,-106.65289
2024-10-19T08:04:23Z,52.119688,-106.65289
2024-10-19T08:04:25Z,52.11969,-106.65289
2024-10-19T08:04:27Z,52.11969,-106.652892
2024-10-19T08:04:29Z,52.11969,-106.652893
2024-10-19T08:04:31Z,52.119692,-106.652893
2024-10-19T08:04:33Z,52.119693,-106.652895
2024-10-19T08:04:36Z,52.119695,-106.652897
2024-10-19T08:04:38Z,52.119697,-106.652895
2024-10-19T08:04:40Z,52.119698,-106.652893
2024-10-19T08:04:42Z,52.1197,-106.652893
2024-10-19T08:04:44Z,52.119702,-106.652893
2024-10-19T08:04:47Z,52.119703,-106.652893
2024-10-19T08:04:50Z,52.119705,-106.652892
2024-10-19T08:04:51Z,52.119707,-106.65289
2024-10-19T08:04:53Z,52.119705,-106.652885
2024-10-19T08:04:57Z,52.119707,-106.652878
2024-10-19T08:04:58Z,52.119707,-106.652877
2024-10-19T08:05:00Z,52.119707,-106.652873
2024-10-19T08:05:02Z,52.119712,-106.652843
2024-10-19T08:05:04Z,52.119713,-106.652808
2024-10-19T08:05:08Z,52.119713,-106.652745
2024-10-19T08:05:08Z,52.119713,-106.652745
2024-10-19T08:05:11Z,52.119708,-106.652697
2024-10-19T08:05:13Z,52.119705,-106.652665
2024-10-19T08:05:15Z,52.119708,-106.652625
2024-10-19T08:05:19Z,52.119707,-106.652553
2024-10-19T08:05:20Z,52.119707,-106.652535
2024-10-19T08:05:22Z,52.119707,-106.652495
2024-10-19T08:05:24Z,52.119703,-106.652455
2024-10-19T08:05:26Z,52.1197,-106.652412
2024-10-19T08:05:29Z,52.1197,-106.65235
2024-10-19T08:05:31Z,52.119698,-106.65231
2024-10-19T08:05:33Z,52.119693,-106.652277
2024-10-19T08:05:37Z,52.119695,-106.652203
2024-10-19T08:05:38Z,52.119697,-106.652182
2024-10-19T08:05:40Z,52.119698,-106.65214
2024-10-19T08:05:42Z,52.1197,-106.652098
2024-10-19T08:05:45Z,52.119703,-106.652037
2024-10-19T08:05:47Z,52.119705,-106.652003
2024-10-19T08:05:49Z,52.119705,-106.651972
2024-10-19T08:05:51Z,52.119708,-106.651942
2024-10-19T08:05:54Z,52.11971,-106.651887
2024-10-19T08:05:56Z,52.119713,-106.651847
2024-10-19T08:05:58Z,52.119713,-106.651807
2024-10-19T08:06:02Z,52.119718,-106.65173
2024-10-19T08:06:03Z,52.119718,-106.651712
2024-10-19T08:06:05Z,52.11972,-106.651677
2024-10-19T08:06:09Z,52.119722,-106.651607
2024-10-19T08:06:10Z,52.119723,-106.651588
2024-10-19T08:06:12Z,52.119727,-106.651555
2024-10-19T08:06:16Z,52.119715,-106.651488
2024-10-19T08:06:17Z,52.119703,-106.651483
2024-10-19T08:06:19Z,52.119682,-106.651483
2024-10-19T08:06:21Z,52.119658,-106.65148
2024-10-19T08:06:24Z,52.119627,-106.651488
2024-10-19T08:06:26Z,52.119607,-106.651495
2024-10-19T08:06:30Z,52.119552,-106.651488
2024-10-19T08:06:31Z,52.11954,-106.651485
2024-10-19T08:06:33Z,52.119517,-106.651483
2024-10-19T08:06:37Z,52.119465,-106.651485
2024-10-19T08:06:38Z,52.119455,-106.651487
2024-10-19T08:06:42Z,52.119407,-106.651482
2024-10-19T08:06:44Z,52.119387,-106.651487
2024-10-19T08:06:45Z,52.119373,-106.651482
2024-10-19T08:06:47Z,52.119347,-106.65148
2024-10-19T08:06:50Z,52.119305,-106.651478
2024-10-19T08:06:52Z,52.119282,-106.651477
2024-10-19T08:06:55Z,52.119245,-106.651477
2024-10-19T08:06:58Z,52.11921,-106.651473
2024-10-19T08:07:01Z,52.119172,-106.651472
2024-10-19T08:07:03Z,52.119143,-106.65147
2024-10-19T08:07:04Z,52.119128,-106.65147
2024-10-19T08:07:08Z,52.11908,-106.651478
2024-10-19T08:07:09Z,52.119068,-106.651478
2024-10-19T08:07:12Z,52.119032,-106.651473
2024-10-19T08:07:14Z,52.119012,-106.651472
2024-10-19T08:07:16Z,52.118987,-106.651467
2024-10-19T08:07:20Z,52.118938,-106.651477
2024-10-19T08:07:21Z,52.118925,-106.65148
2024-10-19T08:07:23Z,52.118898,-106.651477
2024-10-19T08:07:28Z,52.118848,-106.651482
2024-10-19T08:07:30Z,52.118827,-106.651482
2024-10-19T08:07:31Z,52.118813,-106.65148
2024-10-19T08:07:33Z,52.118788,-106.651478
2024-10-19T08:07:36Z,52.118752,-106.651468
2024-10-19T08:07:38Z,52.118727,-106.65147
2024-10-19T08:07:41Z,52.118688,-106.651468
2024-10-19T08:07:43Z,52.118667,-106.651467
2024-10-19T08:07:46Z,52.118635,-106.651468
2024-10-19T08:07:48Z,52.118615,-106.651468
2024-10-19T08:07:51Z,52.118583,-106.651478
2024-10-19T08:07:53Z,52.11856,-106.651482
2024-10-19T08:07:56Z,52.118522,-106.651485
2024-10-19T08:07:58Z,52.118497,-106.651485
2024-10-19T08:08:01Z,52.118462,-106.651483
2024-10-19T08:08:03Z,52.11844,-106.651478
2024-10-19T08:08:06Z,52.118407,-106.651473
2024-10-19T08:08:08Z,52.118383,-106.65147
2024-10-19T08:08:11Z,52.118347,-106.651465
2024-10-19T08:08:13Z,52.118323,-106.651455
2024-10-19T08:08:16Z,52.118292,-106.651465
2024-10-19T08:08:18Z,52.118275,-106.651467
2024-10-19T08:08:21Z,52.118243,-106.651475
2024-10-19T08:08:23Z,52.118223,-106.651477
2024-10-19T08:08:26Z,52.11818,-106.65147
2024-10-19T08:08:28Z,52.118153,-106.65147
2024-10-19T08:08:31Z,52.118115,-106.65147
2024-10-19T08:08:33Z,52.118088,-106.65147
2024-10-19T08:08:36Z,52.11805,-106.651465
2024-10-19T08:08:36Z,52.11805,-106.651465
2024-10-19T08:08:41Z,52.117995,-106.651465
2024-10-19T08:08:44Z,52.117957,-106.651463
2024-10-19T08:08:46Z,52.117932,-106.651463
2024-10-19T08:08:49Z,52.117902,-106.651475
2024-10-19T08:08:51Z,52.117885,-106.651477
2024-10-19T08:08:54Z,52.117858,-106.65148
2024-10-19T08:08:57Z,52.117827,-106.65148
2024-10-19T08:09:01Z,52.117773,-106.651458
2024-10-19T08:09:03Z,52.11775,-106.65144
2024-10-19T08:09:06Z,52.117728,-106.651405
2024-10-19T08:09:07Z,52.117723,-106.651387
2024-10-19T08:09:11Z,52.117715,-106.651308
2024-10-19T08:09:14Z,52.117708,-106.651245
2024-10-19T08:09:15Z,52.117707,-106.651225
2024-10-19T08:09:19Z,52.117683,-106.651155
2024-10-19T08:09:20Z,52.117673,-106.651137
2024-10-19T08:09:23Z,52.117642,-106.651107
2024-10-19T08:09:27Z,52.117592,-106.6511
2024-10-19T08:09:30Z,52.117557,-106.651102
2024-10-19T08:09:31Z,52.117543,-106.6511
2024-10-19T08:09:35Z,52.117493,-106.6511
2024-10-19T08:09:36Z,52.11748,-106.651102
2024-10-19T08:09:40Z,52.117427,-106.6511
2024-10-19T08:09:41Z,52.117413,-106.651102
2024-10-19T08:09:44Z,52.117373,-106.651105
2024-10-19T08:09:48Z,52.11733,-106.651105
2024-10-19T08:09:51Z,52.117288,-106.65111
2024-10-19T08:09:52Z,52.117275,-106.651112
2024-10-19T08:09:56Z,52.117225,-106.651123
2024-10-19T08:09:59Z,52.117188,-106.651123
2024-10-19T08:10:00Z,52.117177,-106.651123
2024-10-19T08:10:04Z,52.11713,-106.651125
2024-10-19T08:10:07Z,52.117093,-106.651117
2024-10-19T08:10:08Z,52.117085,-106.651113
2024-10-19T08:10:11Z,52.117052,-106.65111
2024-10-19T08:10:15Z,52.117015,-106.651113
2024-10-19T08:10:16Z,52.117005,-106.65111
2024-10-19T08:10:16Z,52.117005,-106.65111
2024-10-19T08:10:23Z,52.116925,-106.651085
2024-10-19T08:10:26Z,52.11689,-106.651082
2024-10-19T08:10:27Z,52.116878,-106.651078
2024-10-19T08:10:31Z,52.116833,-106.651083
2024-10-19T08:10:34Z,52.116802,-106.651093
2024-10-19T08:10:35Z,52.116788,-106.651092
2024-10-19T08:10:38Z,52.11675,-106.65108
2024-10-19T08:10:42Z,52.1167,-106.651063
2024-10-19T08:10:45Z,52.116655,-106.651068
2024-10-19T08:10:46Z,52.116643,-106.651072
2024-10-19T08:10:50Z,52.116602,-106.651083
2024-10-19T08:10:53Z,52.11657,-106.651092
2024-10-19T08:10:56Z,52.116532,-106.651095
2024-10-19T08:10:57Z,52.11652,-106.651098
2024-10-19T08:11:04Z,52.116447,-106.651095
2024-10-19T08:11:07Z,52.116415,-106.651095
2024-10-19T08:11:10Z,52.116382,-106.651093
2024-10-19T08:11:11Z,52.116372,-106.65109
2024-10-19T08:11:13Z,52.116353,-106.651082
2024-10-19T08:11:18Z,52.116295,-106.651077
2024-10-19T08:11:21Z,52.116263,-106.651072
2024-10-19T08:11:22Z,52.116257,-106.651075
2024-10-19T08:11:25Z,52.116227,-106.651082
2024-10-19T08:11:29Z,52.116177,-106.651083
2024-10-19T08:11:32Z,52.116148,-106.651073
2024-10-19T08:11:35Z,52.116133,-106.651037
2024-10-19T08:11:36Z,52.11613,-106.651025
2024-10-19T08:11:38Z,52.116127,-106.650998
2024-10-19T08:11:42Z,52.116117,-106.650947
2024-10-19T08:11:46Z,52.1161,-106.650857
2024-10-19T08:11:49Z,52.11607,-106.650773
2024-10-19T08:11:52Z,52.11605,-106.650707
2024-10-19T08:11:55Z,52.116025,-106.650668
2024-10-19T08:11:58Z,52.115995,-106.650633
2024-10-19T08:11:58Z,52.115995,-106.650633
2024-10-19T08:12:03Z,52.115972,-106.650582
2024-10-19T08:12:06Z,52.115983,-106.65054
2024-10-19T08:12:09Z,52.115962,-106.650513
2024-10-19T08:12:12Z,52.115943,-106.650507
2024-10-19T08:12:15Z,52.115923,-106.650507
2024-10-19T08:12:18Z,52.115943,-106.650503
2024-10-19T08:12:20Z,52.115962,-106.650465
2024-10-19T08:12:23Z,52.11598,-106.65043
2024-10-19T08:12:26Z,52.115998,-106.650367
2024-10-19T08:12:29Z,52.115998,-106.650278
2024-10-19T08:12:32Z,52.115975,-106.650212
2024-10-19T08:12:35Z,52.115938,-106.650195
2024-10-19T08:12:36Z,52.115928,-106.6502
2024-10-19T08:12:39Z,52.11592,-106.65019
2024-10-19T08:12:44Z,52.11593,-106.65014
2024-10-19T08:12:45Z,52.115917,-106.650128
2024-10-19T08:12:48Z,52.1159,-106.650118
2024-10-19T08:12:52Z,52.115878,-106.650153
2024-10-19T08:12:55Z,52.115865,-106.650208
2024-10-19T08:12:58Z,52.115855,-106.650297
2024-10-19T08:13:01Z,52.11586,-106.650403
2024-10-19T08:13:04Z,52.115877,-106.650498
2024-10-19T08:13:07Z,52.11591,-106.650565
2024-10-19T08:13:10Z,52.11596,-106.65062
2024-10-19T08:13:11Z,52.11598,-106.650635
2024-10-19T08:13:14Z,52.116028,-106.650652
2024-10-19T08:13:19Z,52.115985,-106.650628
2024-10-19T08:13:22Z,52.115923,-106.650622
2024-10-19T08:13:23Z,52.115907,-106.650618
2024-10-19T08:13:26Z,52.115898,-106.650595
2024-10-19T08:13:26Z,52.115898,-106.650595
2024-10-19T08:13:32Z,52.11587,-106.650498
2024-10-19T08:13:37Z,52.115858,-106.650557
2024-10-19T08:13:38Z,52.115862,-106.650567
2024-10-19T08:13:41Z,52.115868,-106.6506
2024-10-19T08:13:43Z,52.115883,-106.650602
2024-10-19T08:13:47Z,52.115905,-106.650588
2024-10-19T08:13:50Z,52.115908,-106.650583
2024-10-19T08:13:53Z,52.115908,-106.650583
2024-10-19T08:13:57Z,52.115908,-106.650583
2024-10-19T08:13:58Z,52.115908,-106.650585
2024-10-19T08:14:02Z,52.115908,-106.650587
2024-10-19T08:14:05Z,52.115905,-106.650605
2024-10-19T08:14:10Z,52.115903,-106.650618
2024-10-19T08:14:13Z,52.115902,-106.65062
2024-10-19T08:14:13Z,52.115902,-106.65062
2024-10-19T08:14:17Z,52.115902,-106.650622
2024-10-19T08:14:20Z,52.115898,-106.650623
2024-10-19T08:14:25Z,52.115898,-106.650628
2024-10-19T08:14:26Z,52.115898,-106.650628
2024-10-19T08:14:29Z,52.115898,-106.650628
2024-10-19T08:14:34Z,52.115897,-106.650632
2024-10-19T08:14:37Z,52.115897,-106.650632
2024-10-19T08:14:40Z,52.115897,-106.650632
2024-10-19T08:14:43Z,52.115897,-106.650632
2024-10-19T08:14:46Z,52.115897,-106.650632
2024-10-19T08:14:49Z,52.115897,-106.650632
2024-10-19T08:14:52Z,52.115897,-106.65063
2024-10-19T08:14:55Z,52.115897,-106.65063
2024-10-19T08:14:58Z,52.1159,-106.650632
2024-10-19T08:15:01Z,52.115905,-106.65063
2024-10-19T08:15:02Z,52.115905,-106.65063
2024-10-19T08:15:06Z,52.11591,-106.650627
2024-10-19T08:15:11Z,52.115917,-106.650625
2024-10-19T08:15:14Z,52.11592,-106.650627
2024-10-19T08:15:17Z,52.115923,-106.650633
2024-10-19T08:15:20Z,52.115925,-106.650645
2024-10-19T08:15:23Z,52.115923,-106.650657
2024-10-19T08:15:26Z,52.115923,-106.650668
2024-10-19T08:15:29Z,52.115915,-106.65068
2024-10-19T08:15:30Z,52.11591,-106.650672
2024-10-19T08:15:30Z,52.11591,-106.650672
2024-10-19T08:15:39Z,52.115912,-106.650642
2024-10-19T08:15:42Z,52.11592,-106.65065
2024-10-19T08:15:45Z,52.115928,-106.65067
2024-10-19T08:15:48Z,52.115933,-106.650687
2024-10-19T08:15:51Z,52.11593,-106.650662
2024-10-19T08:15:54Z,52.115927,-106.650663
2024-10-19T08:15:56Z,52.115928,-106.650667
2024-10-19T08:15:56Z,52.115928,-106.650667
2024-10-19T08:16:04Z,52.11592,-106.650665
2024-10-19T08:16:07Z,52.115908,-106.650633
2024-10-19T08:16:10Z,52.115892,-106.65057
2024-10-19T08:16:13Z,52.115875,-106.650505
2024-10-19T08:16:14Z,52.115872,-106.650485
2024-10-19T08:16:20Z,52.115848,-106.650365
2024-10-19T08:16:23Z,52.115858,-106.65031
2024-10-19T08:16:26Z,52.115883,-106.650285
2024-10-19T08:16:29Z,52.115912,-106.65026
2024-10-19T08:16:30Z,52.115923,-106.650247
2024-10-19T08:16:30Z,52.115923,-106.650247
2024-10-19T08:16:39Z,52.115998,-106.650303
2024-10-19T08:16:42Z,52.115978,-106.65033
2024-10-19T08:16:45Z,52.116002,-106.650357
2024-10-19T08:16:46Z,52.116008,-106.650368
2024-10-19T08:16:52Z,52.116005,-106.650443
2024-10-19T08:16:55Z,52.116022,-106.650475
2024-10-19T08:16:58Z,52.115992,-106.650487
2024-10-19T08:16:59Z,52.11598,-106.650483
2024-10-19T08:17:03Z,52.115965,-106.650537
2024-10-19T08:17:08Z,52.115963,-106.650605
2024-10-19T08:17:11Z,52.115937,-106.65062
2024-10-19T08:17:12Z,52.11593,-106.650625
2024-10-19T08:17:16Z,52.115905,-106.650677
2024-10-19T08:17:19Z,52.115897,-106.650695
2024-10-19T08:17:24Z,52.115897,-106.650702
2024-10-19T08:17:25Z,52.115897,-106.650703
2024-10-19T08:17:25Z,52.115897,-106.650703
2024-10-19T08:17:34Z,52.115845,-106.650808
2024-10-19T08:17:37Z,52.115818,-106.650833
2024-10-19T08:17:38Z,52.115808,-106.650842
2024-10-19T08:17:44Z,52.115782,-106.650862
2024-10-19T08:17:47Z,52.115785,-106.650858
2024-10-19T08:17:50Z,52.115787,-106.650855
2024-10-19T08:17:52Z,52.115787,-106.650853
2024-10-19T08:17:57Z,52.115788,-106.650853
2024-10-19T08:18:00Z,52.115787,-106.65085
2024-10-19T08:18:01Z,52.115787,-106.650848
2024-10-19T08:18:07Z,52.115785,-106.650847
2024-10-19T08:18:10Z,52.115785,-106.650847
2024-10-19T08:18:11Z,52.115785,-106.650847
2024-10-19T08:18:15Z,52.115785,-106.650845
2024-10-19T08:18:20Z,52.11579,-106.650843
2024-10-19T08:18:21Z,52.1158,-106.650835
2024-10-19T08:18:27Z,52.115842,-106.65078
2024-10-19T08:18:30Z,52.115855,-106.65076
2024-10-19T08:18:34Z,52.115878,-106.650742
2024-10-19T08:18:37Z,52.11588,-106.65074
2024-10-19T08:18:38Z,52.11588,-106.65074
2024-10-19T08:18:44Z,52.115877,-106.65074
2024-10-19T08:18:45Z,52.115877,-106.65074
2024-10-19T08:18:51Z,52.115878,-106.65074
2024-10-19T08:18:52Z,52.115878,-106.650742
2024-10-19T08:18:58Z,52.115878,-106.650742
2024-10-19T08:19:01Z,52.11588,-106.650747
2024-10-19T08:19:02Z,52.115883,-106.650763
2024-10-19T08:19:08Z,52.115853,-106.65083
2024-10-19T08:19:09Z,52.115848,-106.650842
2024-10-19T08:19:15Z,52.115817,-106.650948
2024-10-19T08:19:16Z,52.115812,-106.650965
2024-10-19T08:19:22Z,52.115765,-106.65108
2024-10-19T08:19:23Z,52.11576,-106.651097
2024-10-19T08:19:29Z,52.115758,-106.651212
2024-10-19T08:19:30Z,52.115758,-106.651233
2024-10-19T08:19:33Z,52.115757,-106.651288
2024-10-19T08:19:37Z,52.115747,-106.65136
2024-10-19T08:19:43Z,52.115752,-106.65146
2024-10-19T08:19:44Z,52.115755,-106.651478
2024-10-19T08:19:50Z,52.115757,-106.651593
2024-10-19T08:19:51Z,52.115757,-106.65161
2024-10-19T08:19:57Z,52.115752,-106.651725
2024-10-19T08:19:58Z,52.11575,-106.651747
2024-10-19T08:20:04Z,52.115753,-106.651868
2024-10-19T08:20:05Z,52.115752,-106.651888
2024-10-19T08:20:11Z,52.115752,-106.652005
2024-10-19T08:20:12Z,52.115755,-106.652028
2024-10-19T08:20:18Z,52.115763,-106.65216
2024-10-19T08:20:19Z,52.115765,-106.652185
2024-10-19T08:20:23Z,52.115772,-106.652273
2024-10-19T08:20:29Z,52.115775,-106.652405
2024-10-19T08:20:30Z,52.115773,-106.652428
2024-10-19T08:20:30Z,52.115773,-106.652428
2024-10-19T08:20:37Z,52.115772,-106.652582
2024-10-19T08:20:43Z,52.115768,-106.652705
2024-10-19T08:20:44Z,52.115765,-106.652727
2024-10-19T08:20:50Z,52.115757,-106.652845
2024-10-19T08:20:51Z,52.115755,-106.652863
2024-10-19T08:20:55Z,52.115758,-106.652937
2024-10-19T08:20:55Z,52.115758,-106.652937
2024-10-19T08:21:02Z,52.115775,-106.653075
2024-10-19T08:21:08Z,52.115778,-106.653198
2024-10-19T08:21:09Z,52.115778,-106.653222
2024-10-19T08:21:13Z,52.115777,-106.653308
2024-10-19T08:21:17Z,52.115777,-106.653382
2024-10-19T08:21:20Z,52.115775,-106.65344
2024-10-19T08:21:26Z,52.115768,-106.653552
2024-10-19T08:21:27Z,52.115765,-106.653572
2024-10-19T08:21:31Z,52.115768,-106.653665
2024-10-19T08:21:37Z,52.115787,-106.653793
2024-10-19T08:21:38Z,52.115787,-106.653815
2024-10-19T08:21:42Z,52.115785,-106.65391
2024-10-19T08:21:48Z,52.115773,-106.654045
2024-10-19T08:21:49Z,52.115772,-106.65407
2024-10-19T08:21:55Z,52.115758,-106.654198
2024-10-19T08:21:57Z,52.115762,-106.654233
2024-10-19T08:22:00Z,52.115767,-106.654288
2024-10-19T08:22:06Z,52.115775,-106.6544
2024-10-19T08:22:07Z,52.115775,-106.654422
2024-10-19T08:22:11Z,52.115773,-106.654503
2024-10-19T08:22:17Z,52.115775,-106.654622
2024-10-19T08:22:18Z,52.115777,-106.654642
2024-10-19T08:22:22Z,52.115783,-106.654718
2024-10-19T08:22:28Z,52.115787,-106.654838
2024-10-19T08:22:29Z,52.115783,-106.654858
2024-10-19T08:22:33Z,52.115778,-106.65494
2024-10-19T08:22:37Z,52.11578,-106.655017
2024-10-19T08:22:43Z,52.11578,-106.655135
2024-10-19T08:22:44Z,52.115782,-106.655153
2024-10-19T08:22:48Z,52.115782,-106.655228
2024-10-19T08:22:54Z,52.115782,-106.655348
2024-10-19T08:22:55Z,52.115782,-106.65537
2024-10-19T08:22:59Z,52.115785,-106.655442
2024-10-19T08:23:03Z,52.115787,-106.65552
2024-10-19T08:23:09Z,52.11578,-106.655638
2024-10-19T08:23:10Z,52.11578,-106.655657
2024-10-19T08:23:14Z,52.115778,-106.655738
2024-10-19T08:23:20Z,52.115778,-106.655847
2024-10-19T08:23:21Z,52.115782,-106.655872
2024-10-19T08:23:25Z,52.115775,-106.65597
2024-10-19T08:23:29Z,52.11577,-106.656055
2024-10-19T08:23:35Z,52.115767,-106.656167
2024-10-19T08:23:36Z,52.115768,-106.656187
2024-10-19T08:23:40Z,52.115763,-106.656255
2024-10-19T08:23:44Z,52.11576,-106.65634
2024-10-19T08:23:50Z,52.115768,-106.656463
2024-10-19T08:23:51Z,52.115773,-106.656477
2024-10-19T08:23:55Z,52.115822,-106.656493
2024-10-19T08:23:59Z,52.115872,-106.6565
2024-10-19T08:24:03Z,52.115917,-106.656495
2024-10-19T08:24:09Z,52.115982,-106.656513
2024-10-19T08:24:10Z,52.115992,-106.656522
2024-10-19T08:24:14Z,52.116035,-106.65654
2024-10-19T08:24:18Z,52.116083,-106.656553
2024-10-19T08:24:22Z,52.116127,-106.656545
2024-10-19T08:24:28Z,52.1162,-106.656543
2024-10-19T08:24:29Z,52.116215,-106.656543
2024-10-19T08:24:33Z,52.116268,-106.656517
2024-10-19T08:24:37Z,52.116313,-106.656542
2024-10-19T08:24:41Z,52.11636,-106.65656
2024-10-19T08:24:47Z,52.116433,-106.65655
2024-10-19T08:24:48Z,52.116448,-106.656545
2024-10-19T08:24:52Z,52.116505,-106.656543
2024-10-19T08:24:56Z,52.116552,-106.656555
2024-10-19T08:25:00Z,52.1166,-106.656563
2024-10-19T08:25:03Z,52.116635,-106.656558
2024-10-19T08:25:08Z,52.116653,-106.656542
2024-10-19T08:25:11Z,52.116655,-106.656542
2024-10-19T08:25:15Z,52.116657,-106.656542
2024-10-19T08:25:19Z,52.116658,-106.656542
2024-10-19T08:25:23Z,52.116715,-106.656553
2024-10-19T08:25:27Z,52.116773,-106.656562
2024-10-19T08:25:31Z,52.116822,-106.656572
2024-10-19T08:25:35Z,52.116872,-106.656568
2024-10-19T08:25:38Z,52.116907,-106.65657
2024-10-19T08:25:42Z,52.11696,-106.656567
2024-10-19T08:25:46Z,52.117007,-106.656562
2024-10-19T08:25:50Z,52.117055,-106.656572
2024-10-19T08:25:54Z,52.1171,-106.656575
2024-10-19T08:25:58Z,52.117148,-106.656553
2024-10-19T08:26:02Z,52.117188,-106.65655
2024-10-19T08:26:06Z,52.117225,-106.656552
2024-10-19T08:26:12Z,52.11729,-106.656573
2024-10-19T08:26:16Z,52.117342,-106.656563
2024-10-19T08:26:17Z,52.117352,-106.656552
2024-10-19T08:26:21Z,52.117392,-106.656537
2024-10-19T08:26:25Z,52.117438,-106.656515
2024-10-19T08:26:29Z,52.117462,-106.656512
2024-10-19T08:26:33Z,52.117518,-106.656523
2024-10-19T08:26:37Z,52.117577,-106.656535
2024-10-19T08:26:41Z,52.11763,-106.656547
2024-10-19T08:26:45Z,52.117685,-106.65656
2024-10-19T08:26:49Z,52.117728,-106.656578
2024-10-19T08:26:53Z,52.117778,-106.656572
2024-10-19T08:26:57Z,52.117827,-106.65656
2024-10-19T08:27:01Z,52.117883,-106.656532
2024-10-19T08:27:05Z,52.117927,-106.656537
2024-10-19T08:27:05Z,52.117927,-106.656537
2024-10-19T08:27:16Z,52.118037,-106.656553
2024-10-19T08:27:17Z,52.118047,-106.656552
2024-10-19T08:27:21Z,52.118102,-106.656537
2024-10-19T08:27:25Z,52.118148,-106.656547
2024-10-19T08:27:25Z,52.118148,-106.656547
2024-10-19T08:27:33Z,52.118243,-106.656548
2024-10-19T08:27:37Z,52.118293,-106.656538
2024-10-19T08:27:40Z,52.11832,-106.656538
2024-10-19T08:27:45Z,52.118385,-106.656555
2024-10-19T08:27:48Z,52.118425,-106.65656
2024-10-19T08:27:53Z,52.118473,-106.656573
2024-10-19T08:27:57Z,52.118515,-106.656582
2024-10-19T08:28:01Z,52.118567,-106.656578
2024-10-19T08:28:05Z,52.118627,-106.65656
2024-10-19T08:28:05Z,52.118627,-106.65656
2024-10-19T08:28:13Z,52.118687,-106.656528
2024-10-19T08:28:17Z,52.118698,-106.656457
2024-10-19T08:28:21Z,52.118723,-106.65638
2024-10-19T08:28:25Z,52.118747,-106.656322
2024-10-19T08:28:28Z,52.118753,-106.656297
2024-10-19T08:28:33Z,52.118758,-106.656285
2024-10-19T08:28:37Z,52.118762,-106.656283
2024-10-19T08:28:41Z,52.118767,-106.656283
2024-10-19T08:28:45Z,52.118768,-106.656287
2024-10-19T08:28:49Z,52.118773,-106.656288
2024-10-19T08:28:53Z,52.11878,-106.656288
2024-10-19T08:28:57Z,52.118785,-106.656288
2024-10-19T08:29:01Z,52.118787,-106.656293
2024-10-19T08:29:05Z,52.118788,-106.656293
2024-10-19T08:29:09Z,52.11879,-106.656293
2024-10-19T08:29:13Z,52.11879,-106.656295
2024-10-19T08:29:21Z,52.118797,-106.656302
2024-10-19T08:29:22Z,52.118797,-106.656302
2024-10-19T08:29:26Z,52.118793,-106.656297
2024-10-19T08:29:30Z,52.118787,-106.656292
2024-10-19T08:29:34Z,52.118777,-106.656287
2024-10-19T08:29:38Z,52.118745,-106.65628
2024-10-19T08:29:42Z,52.11873,-106.656278
2024-10-19T08:29:46Z,52.118722,-106.656278
2024-10-19T08:29:50Z,52.118718,-106.656282
2024-10-19T08:29:54Z,52.11872,-106.656283
2024-10-19T08:29:54Z,52.11872,-106.656283
2024-10-19T08:30:03Z,52.118757,-106.656295
2024-10-19T08:30:07Z,52.118788,-106.656282
2024-10-19T08:30:14Z,52.118813,-106.656255
2024-10-19T08:30:15Z,52.118817,-106.656253
