2024-10-16T19:56:54Z,52.143808,-106.60032
2024-10-16T19:56:54Z,52.143802,-106.600337
2024-10-16T19:56:56Z,52.143795,-106.60033
2024-10-16T19:56:57Z,52.14379,-106.600323
2024-10-16T19:56:58Z,52.143783,-106.600327
2024-10-16T19:56:59Z,52.143778,-106.60032
2024-10-16T19:57:00Z,52.14377,-106.60032
2024-10-16T19:57:00Z,52.14377,-106.60032
2024-10-16T19:57:02Z,52.143763,-106.60032
2024-10-16T19:57:03Z,52.143763,-106.600315
2024-10-16T19:57:04Z,52.143762,-106.600308
2024-10-16T19:57:05Z,52.14376,-106.600305
2024-10-16T19:57:06Z,52.143757,-106.60031
2024-10-16T19:57:06Z,52.143757,-106.60031
2024-10-16T19:57:08Z,52.14375,-106.600312
2024-10-16T19:57:09Z,52.143747,-106.600313
2024-10-16T19:57:10Z,52.143745,-106.600318
2024-10-16T19:57:12Z,52.14374,-106.600312
2024-10-16T19:57:12Z,52.143737,-106.6003
2024-10-16T19:57:14Z,52.143733,-106.60029
2024-10-16T19:57:15Z,52.14373,-106.600263
2024-10-16T19:57:16Z,52.143727,-106.600242
2024-10-16T19:57:17Z,52.143722,-106.60019
2024-10-16T19:57:18Z,52.143715,-106.60015
2024-10-16T19:57:18Z,52.143715,-106.60015
2024-10-16T19:57:20Z,52.143698,-106.60007
2024-10-16T19:57:21Z,52.14369,-106.600033
2024-10-16T19:57:23Z,52.143675,-106.599982
2024-10-16T19:57:24Z,52.143665,-106.599923
2024-10-16T19:57:24Z,52.143665,-106.599923
2024-10-16T19:57:26Z,52.143657,-106.599912
2024-10-16T19:57:27Z,52.14365,-106.599893
2024-10-16T19:57:28Z,52.143647,-106.599877
2024-10-16T19:57:29Z,52.143643,-106.599855
2024-10-16T19:57:30Z,52.14364,-106.599837
2024-10-16T19:57:32Z,52.143632,-106.5998
2024-10-16T19:57:33Z,52.143625,-106.599788
2024-10-16T19:57:34Z,52.143617,-106.599772
2024-10-16T19:57:35Z,52.143613,-106.59976
2024-10-16T19:57:36Z,52.143608,-106.599752
2024-10-16T19:57:36Z,52.143608,-106.599752
2024-10-16T19:57:39Z,52.143593,-106.599722
2024-10-16T19:57:40Z,52.14359,-106.599715
2024-10-16T19:57:41Z,52.143588,-106.59973
2024-10-16T19:57:42Z,52.143587,-106.599747
2024-10-16T19:57:42Z,52.143587,-106.599747
2024-10-16T19:57:45Z,52.143593,-106.599845
2024-10-16T19:57:45Z,52.143593,-106.599845
2024-10-16T19:57:47Z,52.1436,-106.599932
2024-10-16T19:57:48Z,52.143602,-106.599985
2024-10-16T19:57:48Z,52.143602,-106.599985
2024-10-16T19:57:50Z,52.143598,-106.600012
2024-10-16T19:57:52Z,52.143597,-106.600058
2024-10-16T19:57:53Z,52.143592,-106.600082
2024-10-16T19:57:54Z,52.14358,-106.600103
2024-10-16T19:57:54Z,52.14358,-106.600103
2024-10-16T19:57:57Z,52.143555,-106.600142
2024-10-16T19:57:58Z,52.143553,-106.60015
2024-10-16T19:57:59Z,52.14356,-106.600163
2024-10-16T19:58:00Z,52.14357,-106.60017
2024-10-16T19:58:02Z,52.143582,-106.600165
2024-10-16T19:58:03Z,52.14359,-106.600157
2024-10-16T19:58:04Z,52.143605,-106.600165
2024-10-16T19:58:05Z,52.143618,-106.600175
2024-10-16T19:58:06Z,52.143632,-106.600187
2024-10-16T19:58:08Z,52.14366,-106.60021
2024-10-16T19:58:09Z,52.143668,-106.600217
2024-10-16T19:58:10Z,52.143677,-106.600223
2024-10-16T19:58:12Z,52.143688,-106.600228
2024-10-16T19:58:13Z,52.143695,-106.600233
2024-10-16T19:58:14Z,52.143703,-106.600228
2024-10-16T19:58:15Z,52.143708,-106.600233
2024-10-16T19:58:17Z,52.14371,-106.600237
2024-10-16T19:58:18Z,52.143715,-106.600235
2024-10-16T19:58:19Z,52.143717,-106.600243
2024-10-16T19:58:21Z,52.143717,-106.600247
2024-10-16T19:58:44Z,52.143728,-106.600207
2024-10-16T19:58:46Z,52.143713,-106.600183
2024-10-16T19:58:47Z,52.143703,-106.600172
2024-10-16T19:58:48Z,52.143698,-106.600155
2024-10-16T19:58:50Z,52.143692,-106.600125
2024-10-16T19:58:51Z,52.143687,-106.60011
2024-10-16T19:58:52Z,52.143675,-106.600085
2024-10-16T19:58:54Z,52.143655,-106.600052
2024-10-16T19:58:55Z,52.143657,-106.600045
2024-10-16T19:58:56Z,52.143657,-106.60004
2024-10-16T19:58:58Z,52.14366,-106.600028
2024-10-16T19:58:59Z,52.143658,-106.600025
2024-10-16T19:59:00Z,52.143657,-106.60002
2024-10-16T19:59:02Z,52.143653,-106.600017
2024-10-16T19:59:03Z,52.143653,-106.600013
2024-10-16T19:59:05Z,52.143652,-106.60002
2024-10-16T19:59:06Z,52.143647,-106.600022
2024-10-16T19:59:08Z,52.143638,-106.600018
2024-10-16T19:59:09Z,52.14363,-106.60001
2024-10-16T19:59:10Z,52.143617,-106.59999
2024-10-16T19:59:11Z,52.143607,-106.599973
2024-10-16T19:59:13Z,52.143592,-106.599945
2024-10-16T19:59:15Z,52.143588,-106.599915
2024-10-16T19:59:16Z,52.143585,-106.599897
2024-10-16T19:59:17Z,52.143582,-106.59988
2024-10-16T19:59:18Z,52.14358,-106.599863
2024-10-16T19:59:20Z,52.143573,-106.599837
2024-10-16T19:59:22Z,52.143552,-106.599792
2024-10-16T19:59:23Z,52.143548,-106.599775
2024-10-16T19:59:24Z,52.143545,-106.599762
2024-10-16T19:59:25Z,52.14354,-106.599748
2024-10-16T19:59:27Z,52.14353,-106.599725
2024-10-16T20:49:26Z,52.14347,-106.595372
2024-10-16T20:49:27Z,52.143462,-106.595348
2024-10-16T20:49:28Z,52.143463,-106.595335
2024-10-16T20:49:30Z,52.143462,-106.595307
2024-10-16T20:49:32Z,52.143477,-106.595292
2024-10-16T20:49:33Z,52.14348,-106.59532
2024-10-16T20:49:34Z,52.143463,-106.595262
2024-10-16T20:49:36Z,52.143498,-106.595303
2024-10-16T20:49:37Z,52.143505,-106.595322
2024-10-16T20:49:38Z,52.143517,-106.59531
2024-10-16T20:49:40Z,52.143598,-106.595405
2024-10-16T20:49:41Z,52.143573,-106.595343
2024-10-16T20:49:43Z,52.143557,-106.595347
2024-10-16T20:49:44Z,52.143535,-106.595308
2024-10-16T20:49:46Z,52.143607,-106.59539
2024-10-16T20:49:47Z,52.143592,-106.595385
2024-10-16T20:49:49Z,52.14354,-106.595298
2024-10-16T20:49:50Z,52.14354,-106.595298
2024-10-16T20:49:52Z,52.143545,-106.595365
2024-10-16T20:49:53Z,52.143492,-106.595303
2024-10-16T20:49:55Z,52.14348,-106.595275
2024-10-16T20:49:56Z,52.143473,-106.595265
2024-10-16T20:49:58Z,52.143467,-106.595248
2024-10-16T20:49:59Z,52.143465,-106.595257
2024-10-16T20:50:01Z,52.143462,-106.595258
2024-10-16T20:50:02Z,52.143463,-106.595258
2024-10-16T20:50:04Z,52.143463,-106.595258
2024-10-16T20:50:05Z,52.143465,-106.595257
2024-10-16T20:50:07Z,52.143463,-106.595255
2024-10-16T20:50:09Z,52.143463,-106.595253
2024-10-16T20:50:11Z,52.143463,-106.595255
2024-10-16T20:50:12Z,52.143463,-106.595255
2024-10-16T20:50:13Z,52.143462,-106.595257
2024-10-16T20:50:15Z,52.143462,-106.595257
2024-10-16T20:50:16Z,52.143462,-106.595257
2024-10-16T20:50:18Z,52.143462,-106.595257
2024-10-16T20:50:19Z,52.143462,-106.595257
2024-10-16T20:50:21Z,52.14346,-106.595258
2024-10-16T20:50:23Z,52.14346,-106.59526
2024-10-16T20:50:24Z,52.14346,-106.59526
2024-10-16T20:50:26Z,52.143458,-106.595258
2024-10-16T20:50:27Z,52.143457,-106.595258
2024-10-16T20:50:29Z,52.143453,-106.595257
2024-10-16T20:50:30Z,52.143452,-106.595257
2024-10-16T20:50:32Z,52.143448,-106.595255
2024-10-16T20:50:34Z,52.143447,-106.595257
2024-10-16T20:50:35Z,52.143445,-106.595258
2024-10-16T20:50:37Z,52.143442,-106.595255
2024-10-16T20:50:39Z,52.143437,-106.595252
2024-10-16T20:50:40Z,52.143435,-106.59525
2024-10-16T20:50:42Z,52.14343,-106.595245
2024-10-16T20:50:43Z,52.143428,-106.595243
2024-10-16T20:50:45Z,52.143418,-106.595228
2024-10-16T20:50:47Z,52.143392,-106.595188
2024-10-16T20:50:48Z,52.143375,-106.59517
2024-10-16T20:50:51Z,52.143353,-106.59515
2024-10-16T20:50:52Z,52.143353,-106.59515
2024-10-16T20:50:53Z,52.143352,-106.59515
2024-10-16T20:50:56Z,52.143347,-106.59515
2024-10-16T20:50:57Z,52.143345,-106.59515
2024-10-16T20:50:58Z,52.143345,-106.59515
2024-10-16T20:51:01Z,52.143345,-106.595152
2024-10-16T20:51:02Z,52.143345,-106.59515
2024-10-16T20:51:03Z,52.143345,-106.59515
2024-10-16T20:51:06Z,52.143347,-106.595148
2024-10-16T20:51:07Z,52.143345,-106.595148
2024-10-16T20:51:08Z,52.143342,-106.595152
2024-10-16T20:51:10Z,52.14334,-106.59516
2024-10-16T20:51:12Z,52.143338,-106.595148
2024-10-16T20:51:13Z,52.143343,-106.595142
2024-10-16T20:51:15Z,52.143342,-106.595122
2024-10-16T20:51:17Z,52.143342,-106.595108
2024-10-16T20:51:19Z,52.14335,-106.595087
2024-10-16T20:51:20Z,52.143363,-106.595062
2024-10-16T20:51:23Z,52.14342,-106.594957
2024-10-16T20:51:24Z,52.143442,-106.594913
2024-10-16T20:51:25Z,52.143462,-106.594868
2024-10-16T20:51:27Z,52.143505,-106.594777
2024-10-16T20:51:29Z,52.143545,-106.594688
2024-10-16T20:51:31Z,52.143582,-106.59462
2024-10-16T20:51:32Z,52.143595,-106.594595
2024-10-16T20:51:34Z,52.143602,-106.594572
2024-10-16T20:51:37Z,52.143603,-106.594573
2024-10-16T20:51:38Z,52.143603,-106.594573
2024-10-16T20:51:39Z,52.143603,-106.594573
2024-10-16T20:51:41Z,52.143602,-106.594575
2024-10-16T20:51:44Z,52.143602,-106.594572
2024-10-16T20:51:44Z,52.143602,-106.594572
2024-10-16T20:51:46Z,52.143602,-106.594572
2024-10-16T20:51:48Z,52.143603,-106.594567
2024-10-16T20:51:50Z,52.143607,-106.594558
2024-10-16T20:51:52Z,52.143608,-106.594552
2024-10-16T20:51:54Z,52.143615,-106.59454
2024-10-16T20:51:55Z,52.143622,-106.594532
2024-10-16T20:51:57Z,52.143655,-106.594508
2024-10-16T20:51:59Z,52.143702,-106.594482
2024-10-16T20:52:01Z,52.143732,-106.594463
2024-10-16T20:52:03Z,52.143762,-106.5944
2024-10-16T20:52:04Z,52.143775,-106.594335
2024-10-16T20:52:06Z,52.143797,-106.594132
2024-10-16T20:52:08Z,52.143803,-106.59385
2024-10-16T20:52:10Z,52.14381,-106.593523
2024-10-16T20:52:12Z,52.143813,-106.593182
2024-10-16T20:52:13Z,52.143817,-106.593005
2024-10-16T20:52:15Z,52.143818,-106.592633
2024-10-16T20:52:17Z,52.143817,-106.592248
2024-10-16T20:52:19Z,52.143813,-106.591868
2024-10-16T20:52:22Z,52.143813,-106.5913
2024-10-16T20:52:23Z,52.143818,-106.591113
2024-10-16T20:52:24Z,52.143823,-106.590932
2024-10-16T20:52:26Z,52.143835,-106.590595
2024-10-16T20:52:28Z,52.143842,-106.59028
2024-10-16T20:52:30Z,52.143838,-106.589973
2024-10-16T20:52:32Z,52.143837,-106.589655
2024-10-16T20:52:34Z,52.14384,-106.589337
2024-10-16T20:52:37Z,52.143845,-106.588878
2024-10-16T20:52:38Z,52.143843,-106.588725
2024-10-16T20:52:39Z,52.143838,-106.58857
2024-10-16T20:52:41Z,52.14383,-106.588273
2024-10-16T20:52:43Z,52.143827,-106.588027
2024-10-16T20:52:45Z,52.143827,-106.58785
2024-10-16T20:52:47Z,52.143825,-106.587747
2024-10-16T20:52:49Z,52.143825,-106.587713
2024-10-16T20:52:51Z,52.143823,-106.587662
2024-10-16T20:52:54Z,52.143815,-106.587485
2024-10-16T20:52:56Z,52.143812,-106.587297
2024-10-16T20:52:57Z,52.14381,-106.587183
2024-10-16T20:52:59Z,52.143807,-106.586965
2024-10-16T20:53:00Z,52.143803,-106.58686
2024-10-16T20:53:02Z,52.143795,-106.586628
2024-10-16T20:53:04Z,52.143787,-106.586402
2024-10-16T20:53:06Z,52.143787,-106.586213
2024-10-16T20:53:08Z,52.14378,-106.586017
2024-10-16T20:53:10Z,52.143783,-106.585802
2024-10-16T20:53:12Z,52.143785,-106.585573
2024-10-16T20:53:14Z,52.143783,-106.585315
2024-10-16T20:53:16Z,52.143783,-106.585003
2024-10-16T20:53:18Z,52.143782,-106.58465
2024-10-16T20:53:20Z,52.143778,-106.584268
2024-10-16T20:53:22Z,52.143778,-106.58389
2024-10-16T20:53:24Z,52.143777,-106.58352
2024-10-16T20:53:26Z,52.143773,-106.583142
2024-10-16T20:53:28Z,52.143765,-106.58276
2024-10-16T20:53:30Z,52.143757,-106.582365
2024-10-16T20:53:32Z,52.14376,-106.581957
2024-10-16T20:53:34Z,52.143777,-106.581563
2024-10-16T20:53:36Z,52.143787,-106.58119
2024-10-16T20:53:38Z,52.143792,-106.58083
2024-10-16T20:53:41Z,52.143792,-106.580402
2024-10-16T20:53:42Z,52.143788,-106.580292
2024-10-16T20:53:44Z,52.143782,-106.580027
2024-10-16T20:53:46Z,52.143782,-106.579683
2024-10-16T20:53:48Z,52.14378,-106.579285
2024-10-16T20:53:50Z,52.143777,-106.578863
2024-10-16T20:53:52Z,52.143778,-106.578447
2024-10-16T20:53:54Z,52.143775,-106.578025
2024-10-16T20:53:56Z,52.143777,-106.577607
2024-10-16T20:53:58Z,52.143777,-106.577208
2024-10-16T20:54:00Z,52.143777,-106.57683
2024-10-16T20:54:02Z,52.143775,-106.576457
2024-10-16T20:54:04Z,52.143775,-106.576098
2024-10-16T20:54:06Z,52.14377,-106.575768
2024-10-16T20:54:08Z,52.143768,-106.57552
2024-10-16T20:54:10Z,52.143772,-106.575387
2024-10-16T20:54:12Z,52.143777,-106.57537
2024-10-16T20:54:16Z,52.143775,-106.575405
2024-10-16T20:54:17Z,52.143775,-106.575408
2024-10-16T20:54:20Z,52.143773,-106.57541
2024-10-16T20:54:21Z,52.143773,-106.57541
2024-10-16T20:54:23Z,52.143773,-106.575413
2024-10-16T20:54:25Z,52.143773,-106.575415
2024-10-16T20:54:27Z,52.143775,-106.575417
2024-10-16T20:54:29Z,52.143775,-106.575417
2024-10-16T20:54:31Z,52.143775,-106.575388
2024-10-16T20:54:33Z,52.143785,-106.575275
2024-10-16T20:54:35Z,52.143848,-106.575148
2024-10-16T20:54:38Z,52.144057,-106.575087
2024-10-16T20:54:41Z,52.14438,-106.575072
2024-10-16T20:54:42Z,52.144508,-106.575065
2024-10-16T20:54:44Z,52.144772,-106.575042
2024-10-16T20:54:46Z,52.145037,-106.575018
2024-10-16T20:54:48Z,52.145298,-106.575008
2024-10-16T20:54:50Z,52.145552,-106.575013
2024-10-16T20:54:54Z,52.145958,-106.575017
2024-10-16T20:54:54Z,52.145958,-106.575017
2024-10-16T20:54:57Z,52.146105,-106.575017
2024-10-16T20:55:00Z,52.146123,-106.575037
2024-10-16T20:55:01Z,52.14612,-106.575038
2024-10-16T20:55:04Z,52.146112,-106.575033
2024-10-16T20:55:05Z,52.14611,-106.575035
2024-10-16T20:55:08Z,52.14611,-106.575038
2024-10-16T20:55:11Z,52.146247,-106.575042
2024-10-16T20:55:12Z,52.14633,-106.575043
2024-10-16T20:55:15Z,52.146618,-106.575043
2024-10-16T20:55:16Z,52.146713,-106.575038
2024-10-16T20:55:18Z,52.146853,-106.575025
2024-10-16T20:55:22Z,52.146932,-106.574927
2024-10-16T20:55:24Z,52.146942,-106.574837
2024-10-16T20:55:25Z,52.146942,-106.574798
2024-10-16T20:55:27Z,52.146937,-106.57474
2024-10-16T20:55:29Z,52.146932,-106.57467
2024-10-16T20:55:33Z,52.146915,-106.574527
2024-10-16T20:55:35Z,52.146905,-106.574505
2024-10-16T20:55:36Z,52.146898,-106.574498
2024-10-16T20:55:39Z,52.146878,-106.57448
2024-10-16T20:55:42Z,52.146853,-106.574478
2024-10-16T20:55:44Z,52.146838,-106.574473
2024-10-16T20:55:45Z,52.146832,-106.574473
2024-10-16T20:55:47Z,52.146825,-106.574467
2024-10-16T20:55:49Z,52.146808,-106.574455
2024-10-16T20:55:52Z,52.14679,-106.574435
2024-10-16T20:55:55Z,52.146773,-106.574432
2024-10-16T20:55:56Z,52.146768,-106.574428
2024-10-16T20:55:58Z,52.146752,-106.574432
2024-10-16T20:56:01Z,52.146737,-106.574437
2024-10-16T20:56:03Z,52.146722,-106.574447
2024-10-16T20:56:05Z,52.146707,-106.574448
2024-10-16T20:56:08Z,52.146698,-106.574457
2024-10-16T20:56:11Z,52.146695,-106.574457
2024-10-16T20:56:12Z,52.146693,-106.574452
2024-10-16T20:56:14Z,52.146685,-106.57445
2024-10-16T20:56:17Z,52.146677,-106.574453
2024-10-16T20:56:20Z,52.146677,-106.574453
2024-10-16T20:56:21Z,52.146683,-106.574457
2024-10-16T20:56:25Z,52.146688,-106.574453
2024-10-16T20:56:26Z,52.146687,-106.574455
2024-10-16T20:56:28Z,52.14669,-106.574455
2024-10-16T20:56:32Z,52.146688,-106.57445
2024-10-16T20:56:33Z,52.146685,-106.57445
2024-10-16T20:56:35Z,52.146678,-106.574453
2024-10-16T20:56:37Z,52.146677,-106.574457
2024-10-16T20:56:40Z,52.146658,-106.574448
2024-10-16T20:56:42Z,52.146672,-106.574435
2024-10-16T20:56:44Z,52.14667,-106.574427
2024-10-16T20:56:47Z,52.146673,-106.574438
2024-10-16T20:56:49Z,52.146665,-106.574437
2024-10-16T20:56:53Z,52.146667,-106.574422
2024-10-16T20:56:54Z,52.146668,-106.57442
2024-10-16T20:56:56Z,52.14667,-106.574418
2024-10-16T20:57:00Z,52.146658,-106.574417
2024-10-16T20:57:01Z,52.146645,-106.574423
2024-10-16T20:57:03Z,52.146645,-106.574447
2024-10-16T20:57:07Z,52.14661,-106.574465
2024-10-16T20:57:08Z,52.146608,-106.574462
2024-10-16T20:57:12Z,52.146608,-106.574475
2024-10-16T20:57:13Z,52.146608,-106.574482
2024-10-16T20:57:15Z,52.146608,-106.574495
2024-10-16T20:57:19Z,52.14661,-106.57452
2024-10-16T20:57:20Z,52.146613,-106.574528
2024-10-16T20:57:22Z,52.146605,-106.574547
2024-10-16T20:57:25Z,52.146603,-106.574548
2024-10-16T20:57:27Z,52.146615,-106.574545
2024-10-16T20:57:31Z,52.146663,-106.574548
2024-10-16T20:57:32Z,52.146678,-106.574548
2024-10-16T20:57:34Z,52.146705,-106.574555
2024-10-16T20:57:37Z,52.146737,-106.574558
2024-10-16T20:57:39Z,52.146762,-106.574558
2024-10-16T20:57:42Z,52.146803,-106.574565
2024-10-16T20:57:44Z,52.14682,-106.574565
2024-10-16T20:57:48Z,52.146832,-106.574558
2024-10-16T20:57:49Z,52.146828,-106.574555
2024-10-16T20:57:53Z,52.14682,-106.574547
2024-10-16T20:57:54Z,52.146822,-106.574553
2024-10-16T20:57:58Z,52.146797,-106.574538
2024-10-16T20:57:59Z,52.146777,-106.574508
2024-10-16T20:58:03Z,52.146735,-106.57448
2024-10-16T20:58:04Z,52.146728,-106.574478
2024-10-16T20:58:06Z,52.146727,-106.57448
2024-10-16T20:58:10Z,52.146732,-106.574478
2024-10-16T20:58:13Z,52.146728,-106.574478
2024-10-16T20:58:14Z,52.146728,-106.57448
2024-10-16T20:58:18Z,52.146723,-106.574477
2024-10-16T20:58:20Z,52.146713,-106.574463
2024-10-16T20:58:21Z,52.14671,-106.574458
2024-10-16T20:58:25Z,52.146703,-106.574447
2024-10-16T20:58:26Z,52.146703,-106.574447
2024-10-16T20:58:30Z,52.1467,-106.574455
2024-10-16T20:58:33Z,52.146707,-106.574458
2024-10-16T20:58:35Z,52.146715,-106.574475
2024-10-16T20:58:38Z,52.146732,-106.574487
2024-10-16T20:58:39Z,52.146732,-106.574493
2024-10-16T20:58:41Z,52.146732,-106.5745
2024-10-16T20:58:45Z,52.146702,-106.574522
2024-10-16T20:58:48Z,52.146693,-106.574512
2024-10-16T20:58:50Z,52.146705,-106.574492
2024-10-16T20:58:53Z,52.146718,-106.574455
2024-10-16T20:58:55Z,52.146705,-106.574442
2024-10-16T20:58:58Z,52.146688,-106.574433
2024-10-16T20:59:00Z,52.146683,-106.57443
2024-10-16T20:59:03Z,52.146678,-106.574423
2024-10-16T20:59:04Z,52.146677,-106.574422
2024-10-16T20:59:07Z,52.146673,-106.57442
2024-10-16T20:59:09Z,52.14667,-106.57442
2024-10-16T20:59:12Z,52.146667,-106.57442
2024-10-16T20:59:14Z,52.146665,-106.574418
2024-10-16T20:59:17Z,52.146663,-106.574415
2024-10-16T20:59:19Z,52.146663,-106.574415
2024-10-16T20:59:24Z,52.146663,-106.574413
2024-10-16T20:59:24Z,52.146663,-106.574413
2024-10-16T20:59:27Z,52.146663,-106.574413
2024-10-16T20:59:30Z,52.146663,-106.574415
2024-10-16T20:59:32Z,52.146662,-106.574415
2024-10-16T20:59:37Z,52.146658,-106.574417
2024-10-16T20:59:39Z,52.146655,-106.574415
2024-10-16T20:59:42Z,52.14665,-106.574412
2024-10-16T20:59:44Z,52.146647,-106.57441
2024-10-16T20:59:47Z,52.146642,-106.574408
2024-10-16T20:59:48Z,52.14664,-106.574408
2024-10-16T20:59:51Z,52.146637,-106.574407
2024-10-16T20:59:53Z,52.146635,-106.574403
2024-10-16T20:59:56Z,52.146622,-106.574368
2024-10-16T21:00:00Z,52.146657,-106.57425
2024-10-16T21:00:03Z,52.146667,-106.574093
2024-10-16T21:00:05Z,52.146665,-106.57396
2024-10-16T21:00:08Z,52.146663,-106.573818
2024-10-16T21:00:09Z,52.146668,-106.573787
2024-10-16T21:00:12Z,52.146728,-106.573702
2024-10-16T21:00:14Z,52.146808,-106.573687
2024-10-16T21:00:17Z,52.146982,-106.573682
2024-10-16T21:00:20Z,52.14716,-106.573702
2024-10-16T21:00:22Z,52.14723,-106.573705
2024-10-16T21:00:27Z,52.147312,-106.57358
2024-10-16T21:00:29Z,52.147335,-106.573413
2024-10-16T21:00:32Z,52.147403,-106.573062
2024-10-16T21:00:33Z,52.147442,-106.572933
2024-10-16T21:00:38Z,52.147647,-106.572333
2024-10-16T21:00:39Z,52.14769,-106.572207
2024-10-16T21:00:43Z,52.14788,-106.571685
2024-10-16T21:00:44Z,52.147917,-106.571567
2024-10-16T21:00:47Z,52.14797,-106.571195
2024-10-16T21:00:49Z,52.147977,-106.57095
2024-10-16T21:00:52Z,52.147975,-106.570647
2024-10-16T21:00:55Z,52.147975,-106.57037
2024-10-16T21:00:59Z,52.147967,-106.570212
2024-10-16T21:01:02Z,52.147983,-106.570105
2024-10-16T21:01:03Z,52.147985,-106.570038
2024-10-16T21:01:06Z,52.147993,-106.569757
2024-10-16T21:01:09Z,52.148002,-106.569478
2024-10-16T21:01:13Z,52.148008,-106.569133
2024-10-16T21:01:14Z,52.148005,-106.56906
2024-10-16T21:01:17Z,52.147982,-106.568862
2024-10-16T21:01:19Z,52.14794,-106.568805
2024-10-16T21:01:22Z,52.147835,-106.568795
2024-10-16T21:01:27Z,52.147548,-106.568833
2024-10-16T21:01:28Z,52.147495,-106.568842
2024-10-16T21:01:31Z,52.147352,-106.568853
2024-10-16T21:01:33Z,52.147272,-106.568862
2024-10-16T21:01:38Z,52.14719,-106.568868
2024-10-16T21:01:39Z,52.147188,-106.568868
2024-10-16T21:01:42Z,52.14719,-106.568872
2024-10-16T21:01:44Z,52.147168,-106.568873
2024-10-16T21:01:47Z,52.147122,-106.568867
2024-10-16T21:01:52Z,52.147052,-106.568837
2024-10-16T21:01:53Z,52.147027,-106.568802
2024-10-16T21:01:56Z,52.146955,-106.568743
2024-10-16T21:01:58Z,52.146908,-106.568787
2024-10-16T21:02:03Z,52.146757,-106.568867
2024-10-16T21:02:04Z,52.146717,-106.568867
2024-10-16T21:02:07Z,52.146617,-106.56886
2024-10-16T21:02:10Z,52.146553,-106.568858
2024-10-16T21:02:14Z,52.146497,-106.568825
2024-10-16T21:02:17Z,52.146458,-106.568755
2024-10-16T21:02:18Z,52.146453,-106.568737
2024-10-16T21:02:23Z,52.146453,-106.568703
2024-10-16T21:02:24Z,52.146453,-106.568703
2024-10-16T21:02:27Z,52.146457,-106.568703
2024-10-16T21:02:27Z,52.146457,-106.568703
2024-10-16T21:02:32Z,52.146458,-106.568703
2024-10-16T21:02:37Z,52.146458,-106.568707
2024-10-16T21:02:38Z,52.146457,-106.568705
2024-10-16T21:02:43Z,52.146458,-106.568635
2024-10-16T21:02:44Z,52.146458,-106.568635
2024-10-16T21:02:47Z,52.146457,-106.56863
2024-10-16T21:02:49Z,52.146455,-106.56863
2024-10-16T21:02:54Z,52.146455,-106.568628
2024-10-16T21:02:57Z,52.146457,-106.568627
2024-10-16T21:02:58Z,52.146455,-106.568627
2024-10-16T21:03:03Z,52.146455,-106.56863
2024-10-16T21:03:04Z,52.146455,-106.56863
2024-10-16T21:03:07Z,52.146455,-106.56863
2024-10-16T21:03:12Z,52.146455,-106.56863
2024-10-16T21:03:13Z,52.146455,-106.56863
2024-10-16T21:03:18Z,52.146455,-106.56863
2024-10-16T21:03:19Z,52.146455,-106.56863
2024-10-16T21:03:22Z,52.146455,-106.56863
2024-10-16T21:03:26Z,52.146455,-106.568605
2024-10-16T21:03:27Z,52.146457,-106.5686
2024-10-16T21:03:32Z,52.146463,-106.56859
2024-10-16T21:03:33Z,52.146463,-106.568573
2024-10-16T21:03:38Z,52.146462,-106.568508
2024-10-16T21:03:39Z,52.146458,-106.568507
2024-10-16T21:03:42Z,52.146455,-106.568503
2024-10-16T21:03:47Z,52.146458,-106.568475
2024-10-16T21:03:48Z,52.146463,-106.568455
2024-10-16T21:03:53Z,52.146493,-106.568387
2024-10-16T21:03:54Z,52.146497,-106.568383
2024-10-16T21:03:57Z,52.146508,-106.568372
2024-10-16T21:04:02Z,52.14651,-106.568362
2024-10-16T21:04:03Z,52.146512,-106.568357
2024-10-16T21:04:08Z,52.146533,-106.56834
2024-10-16T21:04:09Z,52.146537,-106.568337
2024-10-16T21:04:12Z,52.146545,-106.568332
2024-10-16T21:04:17Z,52.146555,-106.568325
2024-10-16T21:04:18Z,52.146558,-106.568327
2024-10-16T21:04:23Z,52.146568,-106.568327
2024-10-16T21:04:24Z,52.146572,-106.568327
2024-10-16T21:04:27Z,52.146602,-106.56832
2024-10-16T21:04:32Z,52.146618,-106.5683
2024-10-16T21:04:33Z,52.146618,-106.568293
2024-10-16T21:04:38Z,52.146625,-106.568275
2024-10-16T21:04:39Z,52.146628,-106.568273
2024-10-16T21:04:42Z,52.146702,-106.568267
2024-10-16T21:04:47Z,52.146832,-106.568337
2024-10-16T21:04:48Z,52.14685,-106.568367
2024-10-16T21:04:53Z,52.146922,-106.568402
2024-10-16T21:04:54Z,52.146928,-106.5684
2024-10-16T21:04:57Z,52.146942,-106.568412
2024-10-16T21:05:02Z,52.146963,-106.56842
2024-10-16T21:05:03Z,52.146963,-106.56842
2024-10-16T21:05:08Z,52.146967,-106.568423
2024-10-16T21:05:09Z,52.146968,-106.568425
2024-10-16T21:05:12Z,52.14697,-106.568427
2024-10-16T21:05:16Z,52.146972,-106.568427
2024-10-16T21:05:19Z,52.146972,-106.56843
2024-10-16T21:05:22Z,52.14697,-106.568435
2024-10-16T21:05:27Z,52.14697,-106.568445
2024-10-16T21:05:28Z,52.146972,-106.568445
2024-10-16T21:05:33Z,52.146973,-106.568447
2024-10-16T21:05:34Z,52.146973,-106.568447
2024-10-16T21:05:37Z,52.146973,-106.568448
2024-10-16T21:05:42Z,52.146972,-106.568448
2024-10-16T21:05:43Z,52.146972,-106.56845
2024-10-16T21:05:46Z,52.14697,-106.568452
2024-10-16T21:05:46Z,52.14697,-106.568452
2024-10-16T21:05:53Z,52.146963,-106.568463
2024-10-16T21:05:58Z,52.146962,-106.568463
2024-10-16T21:05:59Z,52.14696,-106.568465
2024-10-16T21:06:02Z,52.14696,-106.568465
2024-10-16T21:06:07Z,52.146967,-106.568463
2024-10-16T21:06:08Z,52.146965,-106.568465
2024-10-16T21:06:11Z,52.146965,-106.568467
2024-10-16T21:06:11Z,52.146965,-106.568467
2024-10-16T21:06:18Z,52.146968,-106.568472
2024-10-16T21:06:23Z,52.146968,-106.568473
2024-10-16T21:06:24Z,52.146968,-106.568472
2024-10-16T21:06:27Z,52.146968,-106.568473
2024-10-16T21:06:32Z,52.14697,-106.568473
2024-10-16T21:06:34Z,52.14697,-106.568473
2024-10-16T21:06:37Z,52.14697,-106.568472
2024-10-16T21:06:40Z,52.14697,-106.568472
2024-10-16T21:06:43Z,52.14697,-106.568472
2024-10-16T21:06:48Z,52.14697,-106.568472
2024-10-16T21:06:49Z,52.14697,-106.568472
2024-10-16T21:06:53Z,52.14697,-106.568472
2024-10-16T21:06:58Z,52.14697,-106.568472
2024-10-16T21:06:59Z,52.14697,-106.568472
2024-10-16T21:07:02Z,52.14697,-106.568472
2024-10-16T21:07:05Z,52.14697,-106.568472
2024-10-16T21:07:09Z,52.14697,-106.568472
2024-10-16T21:07:12Z,52.14697,-106.568472
2024-10-16T21:07:17Z,52.14697,-106.568472
2024-10-16T21:07:18Z,52.14697,-106.568472
2024-10-16T21:07:21Z,52.14697,-106.568472
2024-10-16T21:07:24Z,52.14697,-106.568472
2024-10-16T21:07:28Z,52.14697,-106.568472
2024-10-16T21:07:33Z,52.14697,-106.568472
2024-10-16T21:07:34Z,52.14697,-106.568472
2024-10-16T21:07:40Z,52.14697,-106.568472
2024-10-16T21:07:43Z,52.14697,-106.56847
2024-10-16T21:07:44Z,52.14697,-106.56847
2024-10-16T21:07:47Z,52.14697,-106.56847
2024-10-16T21:07:51Z,52.14697,-106.56847
2024-10-16T21:07:54Z,52.14697,-106.56847
2024-10-16T21:07:57Z,52.14697,-106.56847
2024-10-16T21:08:00Z,52.14697,-106.56847
2024-10-16T21:08:04Z,52.14697,-106.56847
2024-10-16T21:08:07Z,52.14697,-106.56847
2024-10-16T21:08:10Z,52.14697,-106.56847
2024-10-16T21:08:14Z,52.14697,-106.56847
2024-10-16T21:08:17Z,52.14697,-106.56847
2024-10-16T21:08:22Z,52.14697,-106.56847
2024-10-16T21:08:26Z,52.14697,-106.56847
2024-10-16T21:08:27Z,52.14697,-106.56847
2024-10-16T21:08:30Z,52.14697,-106.56847
2024-10-16T21:08:36Z,52.14697,-106.568483
2024-10-16T21:08:37Z,52.146968,-106.568503
2024-10-16T21:08:40Z,52.146952,-106.568565
2024-10-16T21:08:44Z,52.146945,-106.568628
2024-10-16T21:08:47Z,52.146967,-106.568658
2024-10-16T21:08:51Z,52.146972,-106.568665
2024-10-16T21:08:54Z,52.147033,-106.568728
2024-10-16T21:08:57Z,52.147062,-106.568898
2024-10-16T21:09:03Z,52.147063,-106.569367
2024-10-16T21:09:04Z,52.147065,-106.56944
2024-10-16T21:09:08Z,52.147063,-106.569677
2024-10-16T21:09:11Z,52.14706,-106.569713
2024-10-16T21:09:11Z,52.14706,-106.569713
2024-10-16T21:09:18Z,52.14707,-106.569813
2024-10-16T21:09:21Z,52.147063,-106.56984
2024-10-16T21:09:27Z,52.147207,-106.56994
2024-10-16T21:09:28Z,52.147277,-106.56995
2024-10-16T21:09:32Z,52.147603,-106.570003
2024-10-16T21:09:35Z,52.147818,-106.570013
2024-10-16T21:09:39Z,52.147907,-106.57003
2024-10-16T21:09:42Z,52.147982,-106.57013
2024-10-16T21:09:48Z,52.148028,-106.570788
2024-10-16T21:09:49Z,52.148028,-106.57093
2024-10-16T21:09:55Z,52.147935,-106.571743
2024-10-16T21:09:56Z,52.147898,-106.571875
2024-10-16T21:09:56Z,52.147898,-106.571875
2024-10-16T21:10:03Z,52.147543,-106.57279
2024-10-16T21:10:07Z,52.147378,-106.5733
2024-10-16T21:10:10Z,52.147333,-106.573772
2024-10-16T21:10:14Z,52.147325,-106.574373
2024-10-16T21:10:17Z,52.14732,-106.574665
2024-10-16T21:10:21Z,52.147315,-106.574727
2024-10-16T21:10:24Z,52.147312,-106.57473
2024-10-16T21:10:30Z,52.147312,-106.574733
2024-10-16T21:10:31Z,52.147312,-106.574733
2024-10-16T21:10:34Z,52.147312,-106.574735
2024-10-16T21:10:38Z,52.147313,-106.57474
2024-10-16T21:10:42Z,52.147315,-106.574742
2024-10-16T21:10:45Z,52.147317,-106.574742
2024-10-16T21:10:49Z,52.14731,-106.574807
2024-10-16T21:10:52Z,52.147298,-106.574892
2024-10-16T21:10:58Z,52.147013,-106.575077
2024-10-16T21:10:59Z,52.146925,-106.575087
2024-10-16T21:11:03Z,52.1466,-106.575138
2024-10-16T21:11:07Z,52.146413,-106.575223
2024-10-16T21:11:10Z,52.146402,-106.575248
2024-10-16T21:11:14Z,52.146355,-106.575367
2024-10-16T21:11:17Z,52.146318,-106.575742
2024-10-16T21:11:23Z,52.146315,-106.57691
2024-10-16T21:11:24Z,52.146312,-106.577102
2024-10-16T21:11:28Z,52.146303,-106.577908
2024-10-16T21:11:32Z,52.146307,-106.578737
2024-10-16T21:11:35Z,52.146312,-106.57935
2024-10-16T21:11:39Z,52.146305,-106.580135
2024-10-16T21:11:42Z,52.146308,-106.580777
2024-10-16T21:11:46Z,52.146307,-106.58163
2024-10-16T21:11:46Z,52.146307,-106.58163
2024-10-16T21:11:53Z,52.146307,-106.583045
2024-10-16T21:11:57Z,52.146377,-106.583893
2024-10-16T21:12:00Z,52.146503,-106.584522
2024-10-16T21:12:04Z,52.146795,-106.585287
2024-10-16T21:12:08Z,52.1472,-106.58595
2024-10-16T21:12:11Z,52.147563,-106.586348
2024-10-16T21:12:15Z,52.148043,-106.586795
2024-10-16T21:12:19Z,52.148513,-106.587227
2024-10-16T21:12:22Z,52.148865,-106.58755
2024-10-16T21:12:26Z,52.149348,-106.587998
2024-10-16T21:12:32Z,52.15008,-106.588718
2024-10-16T21:12:33Z,52.150195,-106.588862
2024-10-16T21:12:37Z,52.150615,-106.589542
2024-10-16T21:12:41Z,52.150897,-106.590307
2024-10-16T21:12:44Z,52.151002,-106.590773
2024-10-16T21:12:48Z,52.151023,-106.59101
2024-10-16T21:12:54Z,52.151022,-106.591078
2024-10-16T21:12:55Z,52.151027,-106.59109
2024-10-16T21:12:59Z,52.151038,-106.591212
2024-10-16T21:13:03Z,52.151055,-106.591608
2024-10-16T21:13:06Z,52.151063,-106.592032
2024-10-16T21:13:10Z,52.151057,-106.592608
2024-10-16T21:13:16Z,52.151057,-106.593688
2024-10-16T21:13:17Z,52.151058,-106.593887
2024-10-16T21:13:21Z,52.15107,-106.594662
2024-10-16T21:13:25Z,52.15105,-106.59511
2024-10-16T21:13:28Z,52.151037,-106.595248
2024-10-16T21:13:32Z,52.151025,-106.595238
2024-10-16T21:13:36Z,52.151018,-106.595232
2024-10-16T21:13:36Z,52.151018,-106.595232
2024-10-16T21:13:43Z,52.151012,-106.595228
2024-10-16T21:13:47Z,52.15101,-106.595248
2024-10-16T21:13:51Z,52.151025,-106.595483
2024-10-16T21:13:57Z,52.151032,-106.59602
2024-10-16T21:13:58Z,52.151032,-106.596137
2024-10-16T21:14:02Z,52.151042,-106.596607
2024-10-16T21:14:06Z,52.151053,-106.597038
2024-10-16T21:14:12Z,52.151053,-106.597313
2024-10-16T21:14:13Z,52.151055,-106.597325
2024-10-16T21:14:17Z,52.151058,-106.597348
2024-10-16T21:14:21Z,52.151055,-106.597348
2024-10-16T21:14:21Z,52.151055,-106.597348
2024-10-16T21:14:28Z,52.151055,-106.597343
2024-10-16T21:14:32Z,52.151052,-106.597345
2024-10-16T21:14:36Z,52.15105,-106.597347
2024-10-16T21:14:39Z,52.15105,-106.597345
2024-10-16T21:14:43Z,52.151048,-106.597343
2024-10-16T21:14:47Z,52.151047,-106.597343
2024-10-16T21:14:51Z,52.151043,-106.597343
2024-10-16T21:14:55Z,52.15104,-106.59734
2024-10-16T21:15:01Z,52.151037,-106.597342
2024-10-16T21:15:05Z,52.151037,-106.597342
2024-10-16T21:15:06Z,52.151037,-106.597342
2024-10-16T21:15:10Z,52.151037,-106.59734
2024-10-16T21:15:14Z,52.151037,-106.59734
2024-10-16T21:15:18Z,52.151037,-106.597343
2024-10-16T21:15:22Z,52.151038,-106.597348
2024-10-16T21:15:25Z,52.151038,-106.597365
2024-10-16T21:15:29Z,52.151043,-106.597562
2024-10-16T21:15:33Z,52.151048,-106.598048
2024-10-16T21:15:37Z,52.151058,-106.598638
2024-10-16T21:15:41Z,52.151062,-106.59931
2024-10-16T21:15:44Z,52.151063,-106.59988
2024-10-16T21:15:51Z,52.151075,-106.601425
2024-10-16T21:15:52Z,52.151075,-106.601673
2024-10-16T21:15:56Z,52.151078,-106.602717
2024-10-16T21:16:03Z,52.15108,-106.60464
2024-10-16T21:16:04Z,52.151078,-106.604927
2024-10-16T21:16:08Z,52.151068,-106.60606
2024-10-16T21:16:12Z,52.15107,-106.607185
2024-10-16T21:16:18Z,52.151075,-106.608843
2024-10-16T21:16:19Z,52.15107,-106.60912
2024-10-16T21:16:23Z,52.150982,-106.610205
2024-10-16T21:16:27Z,52.15081,-106.611198
2024-10-16T21:16:31Z,52.150583,-106.612117
2024-10-16T21:16:38Z,52.15019,-106.613648
2024-10-16T21:16:39Z,52.150135,-106.613862
2024-10-16T21:16:43Z,52.149907,-106.614758
2024-10-16T21:16:47Z,52.149678,-106.615667
2024-10-16T21:16:51Z,52.149472,-106.616538
2024-10-16T21:16:54Z,52.149327,-106.617168
2024-10-16T21:16:59Z,52.14911,-106.61813
2024-10-16T21:17:05Z,52.149057,-106.61861
2024-10-16T21:17:06Z,52.149085,-106.618657
2024-10-16T21:17:10Z,52.149213,-106.61881
2024-10-16T21:17:14Z,52.149343,-106.61891
2024-10-16T21:17:18Z,52.149592,-106.619072
2024-10-16T21:17:22Z,52.149705,-106.619122
2024-10-16T21:17:26Z,52.149747,-106.619122
2024-10-16T21:17:30Z,52.149815,-106.619162
2024-10-16T21:17:34Z,52.149852,-106.619185
2024-10-16T21:17:38Z,52.149893,-106.619387
2024-10-16T21:17:42Z,52.14989,-106.619573
2024-10-16T21:17:46Z,52.149988,-106.619682
2024-10-16T21:17:50Z,52.150057,-106.619837
2024-10-16T21:17:54Z,52.15011,-106.6199
2024-10-16T21:17:58Z,52.150142,-106.61989
2024-10-16T21:18:02Z,52.150147,-106.61989
2024-10-16T21:18:06Z,52.15015,-106.619893
2024-10-16T21:18:13Z,52.150155,-106.6199
2024-10-16T21:18:14Z,52.150157,-106.6199
2024-10-16T21:18:18Z,52.150162,-106.619902
2024-10-16T21:18:22Z,52.15016,-106.619902
2024-10-16T21:18:26Z,52.15016,-106.619902
2024-10-16T21:18:30Z,52.15016,-106.6199
2024-10-16T21:18:34Z,52.150158,-106.619898
2024-10-16T21:18:38Z,52.15016,-106.6199
2024-10-16T21:18:42Z,52.150162,-106.619905
2024-10-16T21:18:46Z,52.15016,-106.619907
2024-10-16T21:18:50Z,52.15016,-106.619907
2024-10-16T21:18:54Z,52.15016,-106.619908
2024-10-16T21:18:58Z,52.150158,-106.619912
2024-10-16T21:19:02Z,52.150157,-106.619915
2024-10-16T21:19:06Z,52.150157,-106.619917
2024-10-16T21:19:10Z,52.15016,-106.619918
2024-10-16T21:19:14Z,52.15016,-106.619915
2024-10-16T21:19:18Z,52.15016,-106.619917
2024-10-16T21:19:22Z,52.15016,-106.619917
2024-10-16T21:19:27Z,52.150158,-106.61992
2024-10-16T21:19:31Z,52.15016,-106.619922
2024-10-16T21:19:34Z,52.15016,-106.619923
2024-10-16T21:19:39Z,52.150162,-106.619923
2024-10-16T21:19:43Z,52.150163,-106.619922
2024-10-16T21:19:47Z,52.15016,-106.619925
2024-10-16T21:19:51Z,52.150157,-106.619927
2024-10-16T21:19:55Z,52.150155,-106.619928
2024-10-16T21:19:59Z,52.150153,-106.619935
2024-10-16T21:20:03Z,52.150153,-106.619937
2024-10-16T21:20:07Z,52.150153,-106.619938
2024-10-16T21:20:12Z,52.150157,-106.61994
2024-10-16T21:20:16Z,52.150143,-106.619943
2024-10-16T21:20:23Z,52.150143,-106.619943
2024-10-16T21:20:24Z,52.150143,-106.619943
2024-10-16T21:20:28Z,52.150143,-106.619943
2024-10-16T21:20:32Z,52.150143,-106.619943
2024-10-16T21:20:36Z,52.150143,-106.619943
2024-10-16T21:20:40Z,52.150143,-106.619943
2024-10-16T21:20:40Z,52.150143,-106.619943
2024-10-16T21:20:49Z,52.150143,-106.619943
2024-10-16T21:20:53Z,52.150143,-106.619943
2024-10-16T21:20:57Z,52.150143,-106.619943
2024-10-16T21:21:01Z,52.150143,-106.619943
2024-10-16T21:21:05Z,52.150143,-106.619943
2024-10-16T21:21:09Z,52.150142,-106.619942
2024-10-16T21:21:14Z,52.150138,-106.619935
2024-10-16T21:21:18Z,52.150138,-106.619942
2024-10-16T21:21:22Z,52.15014,-106.619955
2024-10-16T21:21:26Z,52.15014,-106.619977
2024-10-16T21:21:30Z,52.150137,-106.620002
2024-10-16T21:21:38Z,52.150125,-106.620055
2024-10-16T21:21:42Z,52.150118,-106.620083
2024-10-16T21:21:46Z,52.150113,-106.620115
2024-10-16T21:21:47Z,52.150112,-106.620123
2024-10-16T21:21:52Z,52.150107,-106.620167
2024-10-16T21:21:52Z,52.150107,-106.620167
2024-10-16T21:21:52Z,52.150107,-106.620167
2024-10-16T21:21:52Z,52.150107,-106.620167
2024-10-16T21:21:52Z,52.150107,-106.620167
2024-10-16T21:21:52Z,52.150107,-106.620167
2024-10-16T21:21:52Z,52.150107,-106.620167
2024-10-16T21:21:52Z,52.150107,-106.620167
2024-10-16T21:21:52Z,52.150107,-106.620167
2024-10-16T21:21:52Z,52.150107,-106.620167
2024-10-16T21:21:52Z,52.150107,-106.620167
2024-10-16T21:21:52Z,52.150107,-106.620167
2024-10-16T21:21:52Z,52.150107,-106.620167
2024-10-16T21:21:52Z,52.150107,-106.620167
2024-10-16T21:21:52Z,52.150107,-106.620167
2024-10-16T21:21:52Z,52.150107,-106.620167
2024-10-16T21:21:52Z,52.150107,-106.620167
2024-10-16T21:21:52Z,52.150107,-106.620167
2024-10-16T21:21:52Z,52.150107,-106.620167
2024-10-16T21:21:52Z,52.150107,-106.620167
2024-10-16T21:21:52Z,52.150107,-106.620167
2024-10-16T21:21:52Z,52.150107,-106.620167
2024-10-16T21:21:52Z,52.150107,-106.620167
2024-10-16T21:21:52Z,52.150107,-106.620167
2024-10-16T21:21:52Z,52.150107,-106.620167
2024-10-16T21:21:52Z,52.150107,-106.620167
2024-10-16T21:21:52Z,52.150107,-106.620167
2024-10-16T21:21:52Z,52.150107,-106.620167
2024-10-16T21:21:52Z,52.150107,-106.620167
2024-10-16T21:21:52Z,52.150107,-106.620167
2024-10-16T21:21:52Z,52.150107,-106.620167
2024-10-16T21:21:52Z,52.150107,-106.620167
2024-10-16T21:21:52Z,52.150107,-106.620167
2024-10-16T21:21:52Z,52.150107,-106.620167
2024-10-16T21:21:52Z,52.150107,-106.620167
2024-10-16T21:21:52Z,52.150107,-106.620167
2024-10-16T21:21:52Z,52.150107,-106.620167
2024-10-16T21:21:52Z,52.150107,-106.620167
2024-10-16T21:21:52Z,52.150107,-106.620167
2024-10-16T21:21:52Z,52.150107,-106.620167
2024-10-16T21:21:52Z,52.150107,-106.620167
2024-10-16T21:21:52Z,52.150107,-106.620167
2024-10-16T21:21:52Z,52.150107,-106.620167
2024-10-16T21:21:52Z,52.150107,-106.620167
2024-10-16T21:21:52Z,52.150107,-106.620167
2024-10-16T21:21:52Z,52.150107,-106.620167
2024-10-16T21:21:52Z,52.150107,-106.620167
2024-10-16T21:21:52Z,52.150107,-106.620167
2024-10-16T21:21:52Z,52.150107,-106.620167
2024-10-16T21:21:52Z,52.150107,-106.620167
2024-10-16T21:21:52Z,52.150107,-106.620167
2024-10-16T21:21:52Z,52.150107,-106.620167
2024-10-16T21:21:52Z,52.150107,-106.620167
2024-10-16T21:21:52Z,52.150107,-106.620167
2024-10-16T21:21:52Z,52.150107,-106.620167
2024-10-16T21:21:52Z,52.150107,-106.620167
2024-10-16T21:21:52Z,52.150107,-106.620167
2024-10-16T21:21:52Z,52.150107,-106.620167
2024-10-16T21:21:52Z,52.150107,-106.620167
2024-10-16T21:21:52Z,52.150107,-106.620167
2024-10-16T21:21:52Z,52.150107,-106.620167
2024-10-16T21:21:52Z,52.150107,-106.620167
2024-10-16T21:21:52Z,52.150107,-106.620167
2024-10-16T21:21:52Z,52.150107,-106.620167
2024-10-16T21:21:52Z,52.150107,-106.620167
2024-10-16T21:21:52Z,52.150107,-106.620167
2024-10-16T21:21:52Z,52.150107,-106.620167
2024-10-16T21:21:52Z,52.150107,-106.620167
2024-10-16T21:21:52Z,52.150107,-106.620167
2024-10-16T21:21:52Z,52.150107,-106.620167
2024-10-16T21:21:52Z,52.150107,-106.620167
2024-10-16T21:21:52Z,52.150107,-106.620167
2024-10-16T21:21:52Z,52.150107,-106.620167
2024-10-16T21:21:52Z,52.150107,-106.620167
2024-10-16T21:21:52Z,52.150107,-106.620167
2024-10-16T21:21:52Z,52.150107,-106.620167
2024-10-16T21:21:52Z,52.150107,-106.620167
2024-10-16T21:21:52Z,52.150107,-106.620167
2024-10-16T21:27:35Z,52.149985,-106.620847
2024-10-16T21:27:39Z,52.149837,-106.621028
2024-10-16T21:27:40Z,52.149852,-106.620962
2024-10-16T21:27:45Z,52.149857,-106.620857
2024-10-16T21:27:53Z,52.149892,-106.620765
2024-10-16T21:27:54Z,52.149895,-106.620755
2024-10-16T21:28:02Z,52.149922,-106.620513
2024-10-16T21:28:03Z,52.14993,-106.620493
2024-10-16T21:28:11Z,52.149997,-106.620365
2024-10-16T21:28:12Z,52.149997,-106.620348
2024-10-16T21:28:20Z,52.150018,-106.620215
2024-10-16T21:28:21Z,52.150023,-106.620198
2024-10-16T21:28:29Z,52.150047,-106.620078
2024-10-16T21:28:30Z,52.150047,-106.620062
2024-10-16T21:28:38Z,52.150108,-106.619932
2024-10-16T21:28:43Z,52.150142,-106.61991
2024-10-16T21:28:44Z,52.150148,-106.619912
2024-10-16T21:28:52Z,52.150148,-106.619915
2024-10-16T21:28:53Z,52.150148,-106.619915
2024-10-16T21:29:01Z,52.150148,-106.619908
2024-10-16T21:29:06Z,52.150153,-106.61991
2024-10-16T21:29:07Z,52.150155,-106.61991
2024-10-16T21:29:15Z,52.150157,-106.619907
2024-10-16T21:29:16Z,52.150157,-106.619907
2024-10-16T21:29:24Z,52.15016,-106.619907
2024-10-16T21:29:25Z,52.15016,-106.619907
2024-10-16T21:29:30Z,52.150158,-106.619908
2024-10-16T21:29:38Z,52.150158,-106.619908
2024-10-16T21:29:39Z,52.150158,-106.619908
2024-10-16T21:29:47Z,52.150162,-106.619903
2024-10-16T21:29:52Z,52.150165,-106.6199
2024-10-16T21:29:57Z,52.15017,-106.619895
2024-10-16T21:29:58Z,52.15017,-106.619895
2024-10-16T21:30:06Z,52.150178,-106.619893
2024-10-16T21:30:07Z,52.150178,-106.619893
2024-10-16T21:30:15Z,52.150182,-106.619885
2024-10-16T21:30:20Z,52.150185,-106.619887
2024-10-16T21:30:21Z,52.150187,-106.619887
2024-10-16T21:30:29Z,52.150187,-106.61988
2024-10-16T21:30:30Z,52.150187,-106.619878
2024-10-16T21:30:38Z,52.150192,-106.61987
2024-10-16T21:30:43Z,52.150192,-106.619867
2024-10-16T21:30:48Z,52.150193,-106.619867
2024-10-16T21:30:49Z,52.150193,-106.619865
2024-10-16T21:30:57Z,52.150192,-106.619862
2024-10-16T21:31:02Z,52.150192,-106.619865
2024-10-16T21:31:03Z,52.150192,-106.619865
2024-10-16T21:31:11Z,52.15019,-106.61987
2024-10-16T21:31:16Z,52.150193,-106.619868
2024-10-16T21:31:17Z,52.150195,-106.619868
2024-10-16T21:31:25Z,52.150193,-106.619865
2024-10-16T21:31:30Z,52.150193,-106.619863
2024-10-16T21:31:35Z,52.150193,-106.619865
2024-10-16T21:31:36Z,52.150193,-106.619863
2024-10-16T21:31:44Z,52.1502,-106.619858
2024-10-16T21:31:45Z,52.150198,-106.619858
2024-10-16T21:31:50Z,52.1502,-106.619858
2024-10-16T21:31:58Z,52.1502,-106.619853
2024-10-16T21:32:03Z,52.1502,-106.619852
2024-10-16T21:32:08Z,52.150187,-106.619848
2024-10-16T21:32:09Z,52.150183,-106.619847
2024-10-16T21:32:17Z,52.150163,-106.619842
2024-10-16T21:32:22Z,52.150163,-106.61984
2024-10-16T21:32:27Z,52.150168,-106.619833
2024-10-16T21:32:28Z,52.150167,-106.619835
2024-10-16T21:32:36Z,52.150172,-106.619843
2024-10-16T21:32:41Z,52.150178,-106.619845
2024-10-16T21:32:46Z,52.150175,-106.619847
2024-10-16T21:32:51Z,52.150173,-106.619845
2024-10-16T21:32:52Z,52.150173,-106.619845
2024-10-16T21:33:00Z,52.15018,-106.619852
2024-10-16T21:33:05Z,52.150185,-106.619853
2024-10-16T21:33:10Z,52.150188,-106.619857
2024-10-16T21:33:11Z,52.150188,-106.619858
2024-10-16T21:33:19Z,52.15019,-106.619868
2024-10-16T21:33:24Z,52.150187,-106.61987
2024-10-16T21:33:29Z,52.15019,-106.61986
2024-10-16T21:33:30Z,52.150192,-106.619848
2024-10-16T21:33:35Z,52.150178,-106.619757
2024-10-16T21:33:39Z,52.150078,-106.619683
2024-10-16T21:33:48Z,52.149878,-106.619563
2024-10-16T21:33:53Z,52.149858,-106.619443
2024-10-16T21:33:58Z,52.149818,-106.619312
2024-10-16T21:34:03Z,52.149528,-106.619082
2024-10-16T21:34:04Z,52.149467,-106.619038
2024-10-16T21:34:09Z,52.149098,-106.61879
2024-10-16T21:34:17Z,52.148393,-106.618328
2024-10-16T21:34:22Z,52.148162,-106.618392
2024-10-16T21:34:27Z,52.148052,-106.618727
2024-10-16T21:34:32Z,52.14794,-106.619083
2024-10-16T21:34:37Z,52.14785,-106.6194
2024-10-16T21:34:38Z,52.14783,-106.61946
2024-10-16T21:34:46Z,52.14754,-106.620195
2024-10-16T21:34:51Z,52.147398,-106.620602
2024-10-16T21:34:56Z,52.147207,-106.620872
2024-10-16T21:35:01Z,52.147095,-106.620993
2024-10-16T21:35:06Z,52.146857,-106.621245
2024-10-16T21:35:11Z,52.146682,-106.621258
2024-10-16T21:35:12Z,52.146667,-106.621248
2024-10-16T21:35:17Z,52.146432,-106.621098
2024-10-16T21:35:22Z,52.146103,-106.62086
2024-10-16T21:35:27Z,52.145863,-106.620692
2024-10-16T21:35:32Z,52.145767,-106.620782
2024-10-16T21:35:40Z,52.145672,-106.620823
2024-10-16T21:35:45Z,52.145675,-106.62082
2024-10-16T21:35:50Z,52.145677,-106.620823
2024-10-16T21:35:55Z,52.145698,-106.620842
2024-10-16T21:36:00Z,52.145697,-106.620833
2024-10-16T21:36:05Z,52.14566,-106.620812
2024-10-16T21:36:06Z,52.145658,-106.620812
2024-10-16T21:36:15Z,52.145655,-106.620805
2024-10-16T21:36:20Z,52.145657,-106.620805
2024-10-16T21:36:21Z,52.145657,-106.620805
2024-10-16T21:36:26Z,52.145668,-106.620807
2024-10-16T21:36:31Z,52.145663,-106.620812
2024-10-16T21:36:36Z,52.145662,-106.620812
2024-10-16T21:36:41Z,52.145652,-106.620808
2024-10-16T21:36:46Z,52.145628,-106.62083
2024-10-16T21:36:51Z,52.145648,-106.620833
2024-10-16T21:36:59Z,52.14565,-106.620823
2024-10-16T21:37:04Z,52.145648,-106.620817
2024-10-16T21:37:05Z,52.14565,-106.620817
2024-10-16T21:37:14Z,52.145658,-106.620818
2024-10-16T21:37:15Z,52.145658,-106.620822
2024-10-16T21:37:20Z,52.145653,-106.620823
2024-10-16T21:37:25Z,52.145652,-106.620825
2024-10-16T21:37:34Z,52.14565,-106.620835
2024-10-16T21:37:39Z,52.145653,-106.620845
2024-10-16T21:37:44Z,52.14564,-106.620848
2024-10-16T21:37:49Z,52.145612,-106.620905
2024-10-16T21:37:54Z,52.145593,-106.620988
2024-10-16T21:37:59Z,52.145573,-106.62107
2024-10-16T21:38:00Z,52.14557,-106.621083
2024-10-16T21:38:06Z,52.145543,-106.62118
2024-10-16T21:38:11Z,52.145517,-106.621252
2024-10-16T21:38:16Z,52.145488,-106.621335
2024-10-16T21:38:21Z,52.145473,-106.621425
2024-10-16T21:38:26Z,52.145455,-106.62151
2024-10-16T21:38:31Z,52.145417,-106.621618
2024-10-16T21:38:36Z,52.145393,-106.621737
2024-10-16T21:38:41Z,52.145375,-106.621855
2024-10-16T21:38:50Z,52.145347,-106.622068
2024-10-16T21:38:55Z,52.145318,-106.622185
2024-10-16T21:39:00Z,52.145278,-106.622277
2024-10-16T21:39:01Z,52.145275,-106.622295
2024-10-16T21:39:06Z,52.14522,-106.622393
2024-10-16T21:39:11Z,52.145155,-106.622482
2024-10-16T21:39:16Z,52.145078,-106.622523
2024-10-16T21:39:21Z,52.145042,-106.622662
2024-10-16T21:39:26Z,52.144987,-106.62269
2024-10-16T21:39:32Z,52.144917,-106.62273
2024-10-16T21:39:41Z,52.1448,-106.622762
2024-10-16T21:39:42Z,52.14479,-106.622763
2024-10-16T21:39:47Z,52.144728,-106.622778
2024-10-16T21:39:52Z,52.144648,-106.622788
2024-10-16T21:39:57Z,52.144585,-106.622802
2024-10-16T21:40:02Z,52.144508,-106.62281
2024-10-16T21:40:11Z,52.144378,-106.622787
2024-10-16T21:40:12Z,52.144363,-106.622785
2024-10-16T21:40:18Z,52.144275,-106.622782
2024-10-16T21:40:23Z,52.144203,-106.62276
2024-10-16T21:40:32Z,52.1441,-106.622738
2024-10-16T21:40:37Z,52.144033,-106.62274
2024-10-16T21:40:42Z,52.143948,-106.62277
2024-10-16T21:40:47Z,52.14386,-106.622817
2024-10-16T21:40:48Z,52.14384,-106.62282
2024-10-16T21:40:53Z,52.143795,-106.622785
2024-10-16T21:40:59Z,52.143732,-106.622765
2024-10-16T21:41:04Z,52.143667,-106.622765
2024-10-16T21:41:09Z,52.1436,-106.62276
2024-10-16T21:41:14Z,52.143533,-106.62275
2024-10-16T21:41:19Z,52.14348,-106.622755
2024-10-16T21:41:24Z,52.143428,-106.622757
2024-10-16T21:41:24Z,52.143428,-106.622757
2024-10-16T21:41:39Z,52.143237,-106.622732
2024-10-16T21:41:40Z,52.143223,-106.622732
2024-10-16T21:41:45Z,52.143167,-106.622733
2024-10-16T21:41:50Z,52.143107,-106.622752
2024-10-16T21:42:00Z,52.143085,-106.622732
2024-10-16T21:42:01Z,52.143085,-106.622732
2024-10-16T21:42:06Z,52.143073,-106.62274
2024-10-16T21:42:11Z,52.143023,-106.623075
2024-10-16T21:42:16Z,52.143042,-106.623013
2024-10-16T21:42:22Z,52.142978,-106.623037
2024-10-16T21:42:31Z,52.142973,-106.623105
2024-10-16T21:42:36Z,52.142925,-106.623028
2024-10-16T21:42:37Z,52.142897,-106.623018
2024-10-16T21:42:47Z,52.142762,-106.622993
2024-10-16T21:42:52Z,52.1427,-106.622988
2024-10-16T21:42:57Z,52.142625,-106.622985
2024-10-16T21:42:58Z,52.142615,-106.622992
2024-10-16T21:42:58Z,52.142615,-106.622992
2024-10-16T21:43:13Z,52.142415,-106.623003
2024-10-16T21:43:18Z,52.142345,-106.622993
2024-10-16T21:43:19Z,52.14233,-106.62299
2024-10-16T21:43:25Z,52.142258,-106.622972
2024-10-16T21:43:34Z,52.14214,-106.622988
2024-10-16T21:43:39Z,52.142068,-106.623002
2024-10-16T21:43:40Z,52.142045,-106.622998
2024-10-16T21:43:50Z,52.141908,-106.623015
2024-10-16T21:43:55Z,52.141858,-106.623035
2024-10-16T21:43:56Z,52.14185,-106.62304
2024-10-16T21:44:06Z,52.141723,-106.623043
2024-10-16T21:44:11Z,52.141647,-106.623048
2024-10-16T21:44:12Z,52.141633,-106.623045
2024-10-16T21:44:17Z,52.141573,-106.62304
2024-10-16T21:44:27Z,52.14145,-106.623028
2024-10-16T21:44:32Z,52.141387,-106.623032
2024-10-16T21:44:33Z,52.141375,-106.623037
2024-10-16T21:44:38Z,52.141313,-106.62303
2024-10-16T21:44:48Z,52.141145,-106.622992
2024-10-16T21:44:54Z,52.141073,-106.622963
2024-10-16T21:44:59Z,52.141018,-106.62296
2024-10-16T21:45:04Z,52.140932,-106.622972
2024-10-16T21:45:10Z,52.14084,-106.622977
2024-10-16T21:45:15Z,52.140783,-106.622972
2024-10-16T21:45:20Z,52.140698,-106.622968
2024-10-16T21:45:26Z,52.14064,-106.622998
2024-10-16T21:45:31Z,52.14059,-106.62299
2024-10-16T21:45:32Z,52.140582,-106.622987
2024-10-16T21:45:38Z,52.140523,-106.623025
2024-10-16T21:45:47Z,52.14041,-106.623045
2024-10-16T21:45:48Z,52.140397,-106.623043
2024-10-16T21:45:48Z,52.140397,-106.623043
2024-10-16T21:46:03Z,52.140202,-106.623063
2024-10-16T21:46:09Z,52.140133,-106.623058
2024-10-16T21:46:14Z,52.140083,-106.623075
2024-10-16T21:46:15Z,52.140057,-106.62306
2024-10-16T21:46:25Z,52.139933,-106.622992
2024-10-16T21:46:30Z,52.139862,-106.622973
2024-10-16T21:46:36Z,52.139787,-106.622953
2024-10-16T21:46:41Z,52.139733,-106.622948
2024-10-16T21:46:42Z,52.139722,-106.622948
2024-10-16T21:46:48Z,52.13965,-106.622955
2024-10-16T21:46:57Z,52.139502,-106.622943
2024-10-16T21:46:58Z,52.139485,-106.622945
2024-10-16T21:47:04Z,52.139398,-106.622972
2024-10-16T21:47:14Z,52.139242,-106.623013
2024-10-16T21:47:19Z,52.139165,-106.62303
2024-10-16T21:47:20Z,52.139153,-106.623037
2024-10-16T21:47:26Z,52.139065,-106.623052
2024-10-16T21:47:31Z,52.138987,-106.623068
2024-10-16T21:47:37Z,52.138918,-106.623062
2024-10-16T21:47:46Z,52.138797,-106.623007
2024-10-16T21:47:52Z,52.138722,-106.622957
2024-10-16T21:47:57Z,52.138635,-106.622968
2024-10-16T21:47:58Z,52.13862,-106.622967
2024-10-16T21:48:04Z,52.138535,-106.623002
2024-10-16T21:48:14Z,52.138418,-106.622985
2024-10-16T21:48:15Z,52.138407,-106.622987
2024-10-16T21:48:25Z,52.13829,-106.623003
2024-10-16T21:48:30Z,52.138227,-106.622997
2024-10-16T21:48:31Z,52.138212,-106.622997
2024-10-16T21:48:37Z,52.138132,-106.622977
2024-10-16T21:48:42Z,52.138063,-106.622968
2024-10-16T21:48:48Z,52.13798,-106.622963
2024-10-16T21:48:53Z,52.137915,-106.622953
2024-10-16T21:49:03Z,52.137767,-106.622937
2024-10-16T21:49:09Z,52.13768,-106.622933
2024-10-16T21:49:10Z,52.137667,-106.62294
2024-10-16T21:49:20Z,52.137565,-106.622968
2024-10-16T21:49:21Z,52.137555,-106.622968
2024-10-16T21:49:31Z,52.13742,-106.622982
2024-10-16T21:49:32Z,52.137405,-106.62298
2024-10-16T21:49:42Z,52.137247,-106.622988
2024-10-16T21:49:43Z,52.137237,-106.622988
2024-10-16T21:49:53Z,52.137098,-106.62299
2024-10-16T21:49:54Z,52.137078,-106.62299
2024-10-16T21:50:00Z,52.136997,-106.622978
2024-10-16T21:50:05Z,52.136943,-106.622973
2024-10-16T21:50:15Z,52.136825,-106.62299
2024-10-16T21:50:21Z,52.13674,-106.622995
2024-10-16T21:50:22Z,52.136723,-106.622995
2024-10-16T21:50:32Z,52.136558,-106.622992
2024-10-16T21:50:33Z,52.13655,-106.622992
2024-10-16T21:50:43Z,52.136432,-106.622972
2024-10-16T21:50:44Z,52.136418,-106.622962
2024-10-16T21:50:54Z,52.136258,-106.62297
2024-10-16T21:51:00Z,52.136187,-106.622983
2024-10-16T21:51:01Z,52.136177,-106.622985
2024-10-16T21:51:11Z,52.136003,-106.62298
2024-10-16T21:51:17Z,52.135932,-106.62299
2024-10-16T21:51:22Z,52.135873,-106.622977
2024-10-16T21:51:23Z,52.135857,-106.622975
2024-10-16T21:51:29Z,52.135787,-106.622975
2024-10-16T21:51:39Z,52.135662,-106.622975
2024-10-16T21:51:40Z,52.135647,-106.622977
2024-10-16T21:51:46Z,52.135562,-106.62298
2024-10-16T21:51:56Z,52.135417,-106.623015
2024-10-16T21:52:02Z,52.135357,-106.623028
2024-10-16T21:52:03Z,52.135347,-106.623033
2024-10-16T21:52:08Z,52.135295,-106.623037
2024-10-16T21:52:18Z,52.13518,-106.623047
2024-10-16T21:52:20Z,52.135152,-106.623053
2024-10-16T21:52:30Z,52.1351,-106.62317
2024-10-16T21:52:35Z,52.135087,-106.62326
2024-10-16T21:52:41Z,52.135087,-106.62339
2024-10-16T21:52:47Z,52.135102,-106.623532
2024-10-16T21:52:52Z,52.135127,-106.623607
2024-10-16T21:52:53Z,52.135118,-106.623628
2024-10-16T21:53:04Z,52.135142,-106.623872
2024-10-16T21:53:05Z,52.13515,-106.623897
2024-10-16T21:53:10Z,52.13517,-106.624032
2024-10-16T21:53:21Z,52.135153,-106.624317
2024-10-16T21:53:22Z,52.135143,-106.624333
2024-10-16T21:53:28Z,52.135138,-106.624457
2024-10-16T21:53:33Z,52.135152,-106.624527
2024-10-16T21:53:39Z,52.135087,-106.624618
2024-10-16T21:53:45Z,52.135072,-106.62474
2024-10-16T21:53:55Z,52.134978,-106.624877
2024-10-16T21:54:01Z,52.134927,-106.625035
2024-10-16T21:54:02Z,52.13492,-106.625055
2024-10-16T21:54:08Z,52.134858,-106.625162
2024-10-16T21:54:13Z,52.134888,-106.625238
2024-10-16T21:54:19Z,52.134767,-106.625277
2024-10-16T21:54:29Z,52.134578,-106.625383
2024-10-16T21:54:30Z,52.134563,-106.625392
2024-10-16T21:54:36Z,52.134495,-106.62544
2024-10-16T21:54:42Z,52.134445,-106.625478
2024-10-16T21:54:48Z,52.134372,-106.625508
2024-10-16T21:54:53Z,52.134317,-106.625525
2024-10-16T21:54:59Z,52.134277,-106.625557
2024-10-16T21:55:10Z,52.134282,-106.625658
2024-10-16T21:55:15Z,52.134222,-106.625703
2024-10-16T21:55:21Z,52.134138,-106.625778
2024-10-16T21:55:27Z,52.134085,-106.62584
2024-10-16T21:55:28Z,52.134075,-106.62585
2024-10-16T21:55:34Z,52.13399,-106.625902
2024-10-16T21:55:44Z,52.133788,-106.625963
2024-10-16T21:55:50Z,52.13375,-106.626038
2024-10-16T21:55:56Z,52.133688,-106.62611
2024-10-16T21:55:57Z,52.133683,-106.62613
2024-10-16T21:56:03Z,52.133682,-106.62625
2024-10-16T21:56:13Z,52.133758,-106.626402
2024-10-16T21:56:14Z,52.133752,-106.626412
2024-10-16T21:56:20Z,52.133853,-106.626578
2024-10-16T21:56:26Z,52.133992,-106.626722
2024-10-16T21:56:32Z,52.134055,-106.626917
2024-10-16T21:56:38Z,52.134065,-106.627098
2024-10-16T21:56:43Z,52.134122,-106.627208
2024-10-16T21:56:49Z,52.134183,-106.627328
2024-10-16T21:56:55Z,52.134193,-106.627447
2024-10-16T21:57:01Z,52.134225,-106.627585
2024-10-16T21:57:07Z,52.134243,-106.627747
2024-10-16T21:57:13Z,52.13423,-106.627942
2024-10-16T21:57:18Z,52.13429,-106.627933
2024-10-16T21:57:24Z,52.13432,-106.628067
2024-10-16T21:57:30Z,52.134363,-106.628277
2024-10-16T21:57:36Z,52.134408,-106.628503
2024-10-16T21:57:42Z,52.134402,-106.628695
2024-10-16T21:57:48Z,52.134402,-106.628728
2024-10-16T21:57:48Z,52.134402,-106.628728
2024-10-16T21:57:59Z,52.133928,-106.628728
2024-10-16T21:58:05Z,52.133898,-106.628862
2024-10-16T21:58:16Z,52.133692,-106.628872
2024-10-16T21:58:22Z,52.133553,-106.628928
2024-10-16T21:58:23Z,52.133537,-106.628945
2024-10-16T21:58:34Z,52.133333,-106.62904
2024-10-16T21:58:40Z,52.133238,-106.629017
2024-10-16T21:58:41Z,52.133203,-106.629003
2024-10-16T21:58:47Z,52.133113,-106.629
2024-10-16T21:58:53Z,52.133067,-106.629047
2024-10-16T21:58:58Z,52.133023,-106.629048
2024-10-16T21:59:09Z,52.132898,-106.62907
2024-10-16T21:59:15Z,52.132813,-106.629115
2024-10-16T21:59:21Z,52.132735,-106.62912
2024-10-16T21:59:22Z,52.132723,-106.629115
2024-10-16T21:59:33Z,52.132635,-106.629088
2024-10-16T21:59:39Z,52.132567,-106.629148
2024-10-16T21:59:40Z,52.132547,-106.629142
2024-10-16T21:59:40Z,52.132547,-106.629142
2024-10-16T21:59:40Z,52.132547,-106.629142
2024-10-16T21:59:40Z,52.132547,-106.629142
2024-10-16T21:59:40Z,52.132547,-106.629142
2024-10-16T21:59:40Z,52.132547,-106.629142
2024-10-16T21:59:40Z,52.132547,-106.629142
2024-10-16T21:59:40Z,52.132547,-106.629142
2024-10-16T21:59:40Z,52.132547,-106.629142
2024-10-16T21:59:40Z,52.132547,-106.629142
2024-10-16T21:59:40Z,52.132547,-106.629142
2024-10-16T21:59:40Z,52.132547,-106.629142
2024-10-16T21:59:40Z,52.132547,-106.629142
